Resumen,Clave de incidencia,ID de la incidencia,Tipo de Incidencia,Estado,Clave del proyecto,Nombre del proyecto,Tipo de proyecto,Responsable del proyecto,ID del responsable del proyecto,Descripción del proyecto,Prioridad,Resolución,Persona asignada,ID de la persona asignada,Informador,ID del informador,Creador,ID del creador,Creada,Actualizada,Vista por Última Vez,Resuelta,Fecha de vencimiento,Votos,Etiquetas,Etiquetas,Etiquetas,Etiquetas,Descripción,Entorno,Interesados,ID de los interesados,Estimación original,Trabajo restante estimado,Tiempo Trabajado,Relación de trabajo,Σ Estimación original,Σ Trabajo restante estimado,Σ Tiempo empleado,Nivel de Seguridad,Enlace a la incidencia interna (Blocks),Enlace a la incidencia interna (Blocks),Enlace a la incidencia interna (Blocks),Enlace a la incidencia interna (Blocks),Enlace de incidencia saliente (Blocks),Campo personalizado (Clasificación),Campo personalizado (Color de la incidencia),Campo personalizado (Fecha de inicio),Sprint,Sprint,Campo personalizado (Story point estimate),Campo personalizado (Team),Campo personalizado (Vulnerabilidad),Campo personalizado (development),Categoría de estado,Categoría de estado cambiada,Principal,Clave principal,Parent summary
ÉPICA 1: Infraestructura y Core del Sistema,SE-4,10187,Epic,Tareas por hacer,SE,SIGA-escolar,software,Marcelo Andrés Acevedo Silva,712020:38e85f3a-1a40-4f94-a457-d073933be4aa,,Medium,,,,Marcelo Andrés Acevedo Silva,712020:38e85f3a-1a40-4f94-a457-d073933be4aa,Marcelo Andrés Acevedo Silva,712020:38e85f3a-1a40-4f94-a457-d073933be4aa,11/jun/26 11:57 PM,16/jun/26 2:13 PM,,,19/jun/26 12:00 AM,0,core,infra,,,"Establecer la base técnica completa del sistema: base de datos multi-tenant, arquitectura de seguridad RBAC, y entornos de desarrollo frontend/backend. Esta épica cubre el Sprint 1 completo y parte del Sprint 2 (RBAC avanzado).",,Marcelo Andrés Acevedo Silva,712020:38e85f3a-1a40-4f94-a457-d073933be4aa,,,,,,,,,,,,,,0|i0004f:,purple,11/jun/26 12:00 AM,SE Sprint 1,SE Sprint 2,,,,,Por hacer,11/jun/26 11:57 PM,,,
HU 1.1 – Configuración de Entornos y Base de Datos,SE-6,10189,Historia,Listo,SE,SIGA-escolar,software,Marcelo Andrés Acevedo Silva,712020:38e85f3a-1a40-4f94-a457-d073933be4aa,,Medium,Listo,Marcelo Andrés Acevedo Silva,712020:38e85f3a-1a40-4f94-a457-d073933be4aa,Marcelo Andrés Acevedo Silva,712020:38e85f3a-1a40-4f94-a457-d073933be4aa,Marcelo Andrés Acevedo Silva,712020:38e85f3a-1a40-4f94-a457-d073933be4aa,12/jun/26 12:32 AM,15/jun/26 6:12 PM,15/jun/26 4:47 PM,15/jun/26 6:12 PM,,0,backend,infra,,,"Como administrador de sistemas, quiero desplegar la infraestructura base en Supabase para garantizar el almacenamiento seguro, aislado y escalable de la Escuela El Salvador, con arquitectura preparada para múltiples tenants futuros.

Criterios de Aceptación- Repositorios activos con estructura de ramas main/develop definida y política de PRs configurada. - Script DDL ejecutado en Supabase generando las 11 tablas del esquema. - RLS habilitado: consulta sin tenant_id configurado retorna 0 filas. - Tenant ""Escuela El Salvador"" insertado y verificable en tabla tenants.",,Marcelo Andrés Acevedo Silva,712020:38e85f3a-1a40-4f94-a457-d073933be4aa,,,,,,,,,SE-8,SE-9,SE-11,SE-10,,0|i0004o:,,,SE Sprint 1,,,,,,Listo,15/jun/26 6:12 PM,10187,SE-4,ÉPICA 1: Infraestructura y Core del Sistema
TAREA 1.2.4 — Middleware de Bitácora de Auditoría,SE-15,10198,Tarea,Listo,SE,SIGA-escolar,software,Marcelo Andrés Acevedo Silva,712020:38e85f3a-1a40-4f94-a457-d073933be4aa,,Medium,Listo,Marcelo Andrés Acevedo Silva,712020:38e85f3a-1a40-4f94-a457-d073933be4aa,Marcelo Andrés Acevedo Silva,712020:38e85f3a-1a40-4f94-a457-d073933be4aa,Marcelo Andrés Acevedo Silva,712020:38e85f3a-1a40-4f94-a457-d073933be4aa,12/jun/26 12:59 AM,15/jun/26 4:46 PM,15/jun/26 4:29 PM,15/jun/26 4:46 PM,,0,auditoria,backend,seguridad,,"Implementar el middleware de auditoría que registra automáticamente cada evento CRUD en la tabla auditoria (RF-03). Subtareas: (1) Crear middleware auditLogger que intercepte POST, PUT, PATCH, DELETE. (2) Registrar: usuario_id, tenant_id, accion (CREATE/UPDATE/DELETE), tabla_afectada, registro_id, fecha_hora, ip. (3) Asegurar que el registro sea asíncrono y no bloquee la respuesta. (4) Test: crear un incidente y verificar que aparece el registro en tabla auditoria.

Criterios de Aceptación- 
Cada operación POST/PUT/PATCH/DELETE genera un registro en tabla auditoria. - El registro incluye todos los campos: usuario, tenant, acción, tabla, id, timestamp, IP. - El middleware no aumenta el tiempo de respuesta más de 50ms. - Registro es invisible para el usuario final (no aparece en respuestas de la API).",,Marcelo Andrés Acevedo Silva,712020:38e85f3a-1a40-4f94-a457-d073933be4aa,,,,,,,,,,,,,SE-5,0|i0004q:,,,SE Sprint 1,,3.0,,,,Listo,15/jun/26 4:46 PM,10187,SE-4,ÉPICA 1: Infraestructura y Core del Sistema
"TAREA 1.2.2 — Endpoints Auth, JWT y bcrypt",SE-13,10196,Tarea,Listo,SE,SIGA-escolar,software,Marcelo Andrés Acevedo Silva,712020:38e85f3a-1a40-4f94-a457-d073933be4aa,,Medium,Listo,Marcelo Andrés Acevedo Silva,712020:38e85f3a-1a40-4f94-a457-d073933be4aa,Marcelo Andrés Acevedo Silva,712020:38e85f3a-1a40-4f94-a457-d073933be4aa,Marcelo Andrés Acevedo Silva,712020:38e85f3a-1a40-4f94-a457-d073933be4aa,12/jun/26 12:51 AM,15/jun/26 2:24 PM,15/jun/26 12:47 PM,15/jun/26 2:24 PM,,0,backend,seguridad,utenticacion,,"Desarrollar el sistema completo de autenticación cumpliendo RF-01. Dependencias adicionales: jsonwebtoken, bcrypt. Subtareas: (1) POST /api/v1/auth/login: recibe {email, password}, verifica usuario, verifica bloqueo, compara con bcrypt.compare(), en fallo incrementa intentos_fallidos (al llegar a 5: bloqueado_hasta = NOW() + 15min), en éxito genera JWT {user_id, tenant_id, rol, email} exp 8h. Retorna {token, user: {id, nombre, apellido, email, rol}}. (2) GET /api/v1/auth/me: requiere token, retorna datos del usuario. (3) Middleware authenticateToken: verifica JWT en header Authorization: Bearer <token>. (4) Script seed usuario admin con contraseña hasheada (bcrypt coste 10). (5) Colección Postman exportada a /docs/postman.

Criterios de Aceptación-
 Login con credenciales válidas → 200 + token JWT + datos de usuario. - Login incorrecto → 401 con mensaje genérico. - Tras 5 intentos fallidos → 403 ""Cuenta bloqueada temporalmente"". - JWT contiene user_id, tenant_id, rol (verificable en [http://jwt.io|http://jwt.io|smart-link] ). - Contraseñas hasheadas con bcrypt factor coste mínimo 10. - GET /api/v1/auth/me con token válido → 200; con token inválido → 401. - Colección Postman exportada en /docs/postman.",,Marcelo Andrés Acevedo Silva,712020:38e85f3a-1a40-4f94-a457-d073933be4aa,,,,,,,,,,,,,SE-5,0|i0004u:,,,SE Sprint 1,,5.0,,,,Listo,15/jun/26 2:24 PM,10187,SE-4,ÉPICA 1: Infraestructura y Core del Sistema
TAREA 1.3.4 — Zustand Store: Auth State,SE-19,10202,Tarea,Listo,SE,SIGA-escolar,software,Marcelo Andrés Acevedo Silva,712020:38e85f3a-1a40-4f94-a457-d073933be4aa,,Medium,Listo,Daniel Flores,62e971c2f15eecaf500dbfca,Marcelo Andrés Acevedo Silva,712020:38e85f3a-1a40-4f94-a457-d073933be4aa,Marcelo Andrés Acevedo Silva,712020:38e85f3a-1a40-4f94-a457-d073933be4aa,12/jun/26 1:08 AM,13/jun/26 2:12 PM,12/jun/26 1:11 AM,13/jun/26 2:12 PM,,0,estado,frontend,utenticacion,,"Implementar el store global de autenticación con Zustand para manejar el estado del usuario autenticado en toda la aplicación. Subtareas: (1) Crear useAuthStore con estado: token, user, isAuthenticated. (2) Acciones: login(token, user), logout(). (3) Hidratación inicial desde localStorage al cargar la app. (4) Exportar hook useAuth() para consumo en componentes.

Criterios de Aceptación- 
useAuth().isAuthenticated retorna true cuando hay token válido en localStorage. - login() guarda token en localStorage y actualiza el estado global. - logout() limpia localStorage y resetea el estado a valores iniciales. - El estado persiste correctamente al refrescar la página.",,Marcelo Andrés Acevedo Silva,712020:38e85f3a-1a40-4f94-a457-d073933be4aa,,,,,,,,,,,,,SE-7,0|i00052:i,,,SE Sprint 1,,1.0,,,,Listo,13/jun/26 2:12 PM,10187,SE-4,ÉPICA 1: Infraestructura y Core del Sistema
TAREA 1.3.3 — Rutas privadas React (PrivateRoute),SE-18,10201,Tarea,Listo,SE,SIGA-escolar,software,Marcelo Andrés Acevedo Silva,712020:38e85f3a-1a40-4f94-a457-d073933be4aa,,Medium,Listo,Daniel Flores,62e971c2f15eecaf500dbfca,Marcelo Andrés Acevedo Silva,712020:38e85f3a-1a40-4f94-a457-d073933be4aa,Marcelo Andrés Acevedo Silva,712020:38e85f3a-1a40-4f94-a457-d073933be4aa,12/jun/26 1:05 AM,13/jun/26 2:12 PM,12/jun/26 1:06 AM,13/jun/26 2:12 PM,,0,frontend,routing,utenticacion,,"Configurar el sistema de rutas con protección por autenticación. 
Subtareas: (1) Configurar react-router-dom con rutas: /login (pública), /dashboard (privada), /no-autorizado (pública), * (redirección según sesión). (2) Crear componente PrivateRoute: verifica token en localStorage, redirige a /login si no existe. (3) Crear páginas placeholder DashboardPage y UnauthorizedPage. (4) Función logout: limpia localStorage y redirige a /login. (5) Interceptor axios: captura 401 del backend y ejecuta logout automático.

Criterios de Aceptación- 
Acceder a /dashboard sin token redirige automáticamente a /login. - Con token válido renderiza DashboardPage correctamente. - Token inválido/expirado: interceptor detecta 401 y ejecuta logout + redirección. - Función logout limpia localStorage y redirige a /login. - Refrescar el navegador en ruta privada mantiene sesión si el token es válido.",,Marcelo Andrés Acevedo Silva,712020:38e85f3a-1a40-4f94-a457-d073933be4aa,,,,,,,,,,,,,SE-7,0|i00052:j,,,SE Sprint 1,,2.0,,,,Listo,13/jun/26 2:12 PM,10187,SE-4,ÉPICA 1: Infraestructura y Core del Sistema
TAREA 1.3.2 — UI Login y consumo API Auth,SE-17,10200,Tarea,Listo,SE,SIGA-escolar,software,Marcelo Andrés Acevedo Silva,712020:38e85f3a-1a40-4f94-a457-d073933be4aa,,Medium,Listo,Daniel Flores,62e971c2f15eecaf500dbfca,Marcelo Andrés Acevedo Silva,712020:38e85f3a-1a40-4f94-a457-d073933be4aa,Marcelo Andrés Acevedo Silva,712020:38e85f3a-1a40-4f94-a457-d073933be4aa,12/jun/26 1:02 AM,13/jun/26 2:12 PM,12/jun/26 1:07 AM,13/jun/26 2:12 PM,,0,frontend,UI,utenticacion,,"Construir la pantalla de inicio de sesión con diseño institucional responsivo, integrada con el backend. 

Subtareas: (1) Construir LoginPage: logo, campo email institucional, campo contraseña con toggle mostrar/ocultar, botón ""Iniciar sesión"" con spinner, mensaje de error bajo el formulario. (2) Integrar con POST /api/v1/auth/login usando axios. (3) En éxito: guardar token en localStorage + datos en Zustand store, redirigir a /dashboard. (4) En fallo 401: mostrar mensaje genérico de error. (5) En fallo 403: mostrar ""Cuenta bloqueada temporalmente, intenta en 15 minutos"". (6) Validación client-side con react-hook-form: bloquear envío con campos vacíos. (7) Diseño mobile-first desde 360px.

Criterios de Aceptación- 
Login renderiza correctamente en mobile (360px), tablet y desktop. - Login exitoso con credenciales del admin seed redirige a /dashboard. - Login fallido muestra mensaje de error en UI sin recargar la página. - Token JWT almacenado en localStorage tras éxito. - Botón muestra spinner y se deshabilita durante la petición (evita doble envío). - Toggle mostrar/ocultar contraseña funciona correctamente. - Formulario bloquea envío si algún campo está vacío.",,Marcelo Andrés Acevedo Silva,712020:38e85f3a-1a40-4f94-a457-d073933be4aa,,,,,,,,,,,,,SE-7,0|i00052:k,,,SE Sprint 1,,4.0,,,,Listo,13/jun/26 2:12 PM,10187,SE-4,ÉPICA 1: Infraestructura y Core del Sistema
TAREA 1.3.1 — Setup React + Vite + Tailwind,SE-16,10199,Tarea,Listo,SE,SIGA-escolar,software,Marcelo Andrés Acevedo Silva,712020:38e85f3a-1a40-4f94-a457-d073933be4aa,,Medium,Listo,Daniel Flores,62e971c2f15eecaf500dbfca,Marcelo Andrés Acevedo Silva,712020:38e85f3a-1a40-4f94-a457-d073933be4aa,Marcelo Andrés Acevedo Silva,712020:38e85f3a-1a40-4f94-a457-d073933be4aa,12/jun/26 1:00 AM,13/jun/26 2:12 PM,12/jun/26 1:01 AM,13/jun/26 2:12 PM,,0,frontend,setup,,,"Inicializar el proyecto frontend con React, Vite y Tailwind CSS. Dependencias: axios, react-router-dom, react-hook-form, zustand. Estructura de carpetas: /src/assets, /src/components, /src/pages, /src/hooks, /src/services, /src/store, /src/utils. Subtareas: (1) npm create vite@latest siga-frontend -- --template react. (2) Instalar y configurar Tailwind CSS v3 con PostCSS. (3) Instalar dependencias base. (4) Configurar alias @/ para importaciones absolutas. (5) Configurar instancia axios con baseURL desde .env e interceptor para adjuntar JWT. (6) Documentar estructura en README.

Criterios de Aceptación- 
npm run dev inicia sin errores en localhost:5173. - npm run build genera build sin errores ni warnings críticos. - Tailwind funciona: clase bg-blue-500 renderiza correctamente. - Interceptor axios adjunta Authorization: Bearer <token> cuando hay sesión activa.",,Marcelo Andrés Acevedo Silva,712020:38e85f3a-1a40-4f94-a457-d073933be4aa,,,,,,,,,,,,,SE-7,0|i00052:m,,,SE Sprint 1,,1.0,,,,Listo,13/jun/26 2:12 PM,10187,SE-4,ÉPICA 1: Infraestructura y Core del Sistema
HU 1.3 – Core Frontend y Acceso Privado,SE-7,10190,Historia,Listo,SE,SIGA-escolar,software,Marcelo Andrés Acevedo Silva,712020:38e85f3a-1a40-4f94-a457-d073933be4aa,,Medium,Listo,Daniel Flores,62e971c2f15eecaf500dbfca,Marcelo Andrés Acevedo Silva,712020:38e85f3a-1a40-4f94-a457-d073933be4aa,Marcelo Andrés Acevedo Silva,712020:38e85f3a-1a40-4f94-a457-d073933be4aa,12/jun/26 12:34 AM,13/jun/26 2:12 PM,12/jun/26 1:16 AM,13/jun/26 2:12 PM,,0,frontend,UI,,,"Como usuario final, quiero una interfaz de acceso rápida y responsiva para ingresar al sistema desde cualquier dispositivo escolar (computador, tablet o celular desde 360px de ancho).

Criterios de Aceptación- Proyecto React compila sin errores con Tailwind CSS configurado. - Pantalla de login funcional: credenciales válidas redirigen al dashboard. - Rutas protegidas redirigen automáticamente a /login cuando no hay token válido. - Interfaz completamente operativa desde 360px de ancho (RNF-08 mobile-first).",,Marcelo Andrés Acevedo Silva,712020:38e85f3a-1a40-4f94-a457-d073933be4aa,,,,,,,,,SE-16,SE-18,SE-17,SE-19,,0|i00052:r,,,SE Sprint 1,,,,,,Listo,13/jun/26 2:12 PM,10187,SE-4,ÉPICA 1: Infraestructura y Core del Sistema
TASK 1.1.1 — Setup repositorios GitHub y variables de entorno,SE-8,10191,Tarea,Listo,SE,SIGA-escolar,software,Marcelo Andrés Acevedo Silva,712020:38e85f3a-1a40-4f94-a457-d073933be4aa,,Medium,Listo,Marcelo Andrés Acevedo Silva,712020:38e85f3a-1a40-4f94-a457-d073933be4aa,Marcelo Andrés Acevedo Silva,712020:38e85f3a-1a40-4f94-a457-d073933be4aa,Marcelo Andrés Acevedo Silva,712020:38e85f3a-1a40-4f94-a457-d073933be4aa,12/jun/26 12:36 AM,12/jun/26 10:02 AM,12/jun/26 9:00 AM,12/jun/26 10:02 AM,,0,backend,infra,setup,,"Crear y configurar los repositorios de código para el proyecto, estableciendo la estructura de ramas, convenciones de commits y archivos de entorno. Subtareas: (1) Crear siga-backend en GitHub con ramas main y develop. (2) Crear siga-frontend en GitHub con misma estructura. (3) Definir .env.example backend: DATABASE_URL, JWT_SECRET, PORT, SUPABASE_URL, SUPABASE_SERVICE_KEY, NODE_ENV. (4) Definir .env.example frontend: VITE_API_URL, VITE_SUPABASE_URL, VITE_SUPABASE_ANON_KEY. (5) Agregar .gitignore para Node.js y React/Vite. (6) Documentar README.md con instrucciones de instalación local. (7) Configurar política de PRs: 1 aprobación antes de merge a main.

Criterios de Aceptación- 
Ambos repos con ramas main y develop creadas y visibles en GitHub. - .env.example presente en ambos repos con todas las variables (sin valores reales). - .gitignore activo: ningún .env con datos reales aparece en commits. - README.md con instrucciones de setup local completas. - Un PR de prueba procesado exitosamente respetando la política de ramas.",,Marcelo Andrés Acevedo Silva,712020:38e85f3a-1a40-4f94-a457-d073933be4aa,,,,,,,,,,,,,SE-6,0|i00053:,,,SE Sprint 1,,2.0,,,,Listo,12/jun/26 10:02 AM,10187,SE-4,ÉPICA 1: Infraestructura y Core del Sistema
TAREA 1.1.2 — Modelado ER y script DDL en PostgreSQL Campo,SE-9,10192,Tarea,Listo,SE,SIGA-escolar,software,Marcelo Andrés Acevedo Silva,712020:38e85f3a-1a40-4f94-a457-d073933be4aa,,Medium,Listo,Marcelo Andrés Acevedo Silva,712020:38e85f3a-1a40-4f94-a457-d073933be4aa,Marcelo Andrés Acevedo Silva,712020:38e85f3a-1a40-4f94-a457-d073933be4aa,Marcelo Andrés Acevedo Silva,712020:38e85f3a-1a40-4f94-a457-d073933be4aa,12/jun/26 12:41 AM,12/jun/26 11:01 AM,12/jun/26 10:49 AM,12/jun/26 11:01 AM,,0,backend,database,infra,,"Diseñar el modelo de datos completo e implementarlo como script DDL ejecutable en Supabase con arquitectura multi-tenant. Tablas a crear: tenants, usuarios, estudiantes, cursos, incidentes, tipos_abordaje, protocolos_rice, auditoria, apoderados, funcionarios, entrevistas_funcionarios. Subtareas: (1) Crear diagrama ER en [http://dbdiagram.io|http://dbdiagram.io|smart-link]  y exportar a /docs del repo. (2) Escribir schema.sql con CREATE TABLE, PKs, FKs e índices. (3) Asegurar tenant_id UUID NOT NULL REFERENCES tenants(id) en todas las tablas principales. (4) Índices en: tenant_id, estudiante_id, fecha, estado. (5) Seed de tipos_abordaje con los 7 tipos definidos. (6) Ejecutar en Supabase y verificar.

Criterios de Aceptación- 
Diagrama ER publicado en /docs del repositorio backend. - schema.sql ejecutado sin errores en Supabase. - Todas las tablas tienen columna tenant_id con FK a tenants. - tipos_abordaje pre-poblada con: Entrevista, Indagación/Denuncia, Contención, Mediación, Conflicto/Incidente puntual, Proceso Administrativo, Derivación. - SELECT table_name FROM information_schema.tables WHERE table_schema = 'public' retorna las 11 tablas.",,Marcelo Andrés Acevedo Silva,712020:38e85f3a-1a40-4f94-a457-d073933be4aa,,,,,,,,,,,,,SE-6,0|i0005b:,,,SE Sprint 1,,5.0,,,,Listo,12/jun/26 11:01 AM,10187,SE-4,ÉPICA 1: Infraestructura y Core del Sistema
TAREA 1.1.3 — Setup Supabase y RLS base,SE-10,10193,Tarea,Listo,SE,SIGA-escolar,software,Marcelo Andrés Acevedo Silva,712020:38e85f3a-1a40-4f94-a457-d073933be4aa,,Medium,Listo,Marcelo Andrés Acevedo Silva,712020:38e85f3a-1a40-4f94-a457-d073933be4aa,Marcelo Andrés Acevedo Silva,712020:38e85f3a-1a40-4f94-a457-d073933be4aa,Marcelo Andrés Acevedo Silva,712020:38e85f3a-1a40-4f94-a457-d073933be4aa,12/jun/26 12:43 AM,12/jun/26 11:08 AM,12/jun/26 12:57 AM,12/jun/26 11:08 AM,,0,backend,database,seguridad,,"Configurar el proyecto en Supabase, habilitar Row Level Security en todas las tablas y definir la política base de aislamiento por tenant. Subtareas: (1) Crear proyecto en Supabase y obtener credenciales. (2) Ejecutar schema.sql en el SQL Editor. (3) Habilitar RLS: ALTER TABLE <tabla> ENABLE ROW LEVEL SECURITY en las 11 tablas. (4) Crear política RLS base: USING (tenant_id = current_setting('app.tenant_id')::uuid). (5) Crear función helper en PostgreSQL para establecer tenant_id de sesión. (6) Insertar tenant de prueba: Escuela El Salvador. (7) Insertar usuario administrador inicial con contraseña hasheada (bcrypt, coste 10).

Criterios de Aceptación- 
Proyecto Supabase activo y accesible con URL pública. - RLS habilitado en las 11 tablas (verificable en panel Supabase → Table Editor). - Consulta sin app.tenant_id configurado retorna 0 filas (aislamiento verificado). - Tenant ""Escuela El Salvador"" insertado en tabla tenants. - Credenciales documentadas de forma segura (fuera del repositorio).",,Marcelo Andrés Acevedo Silva,712020:38e85f3a-1a40-4f94-a457-d073933be4aa,,,,,,,,,,,,,SE-6,0|i0005j:,,,SE Sprint 1,,3.0,,,,Listo,12/jun/26 11:08 AM,10187,SE-4,ÉPICA 1: Infraestructura y Core del Sistema
TAREA 1.1.4 — Definición del contrato de API (JSON Contract),SE-11,10194,Tarea,Listo,SE,SIGA-escolar,software,Marcelo Andrés Acevedo Silva,712020:38e85f3a-1a40-4f94-a457-d073933be4aa,,Medium,Listo,Marcelo Andrés Acevedo Silva,712020:38e85f3a-1a40-4f94-a457-d073933be4aa,Marcelo Andrés Acevedo Silva,712020:38e85f3a-1a40-4f94-a457-d073933be4aa,Marcelo Andrés Acevedo Silva,712020:38e85f3a-1a40-4f94-a457-d073933be4aa,12/jun/26 12:45 AM,12/jun/26 11:15 AM,12/jun/26 11:08 AM,12/jun/26 11:15 AM,,0,backend,documentation,frontend,,"Definir y documentar el contrato de respuestas JSON que usará el backend para que el frontend pueda desarrollar en paralelo sin bloqueos. Subtareas: (1) Documentar estructura de respuesta exitosa: { data, message, status }. (2) Documentar estructura de respuesta de error: { error, message, statusCode }. (3) Definir los endpoints del Sprint 1: POST /auth/login, GET /auth/me. (4) Publicar en /docs/api-contract.md del repo backend.

Criterios de Aceptación- 
Documento api-contract.md publicado en el repo y accesible para Daniel. - Estructura de respuesta acordada y seguida en todos los endpoints del Sprint 1. - Frontend puede mockear respuestas sin depender del servidor real.",,Marcelo Andrés Acevedo Silva,712020:38e85f3a-1a40-4f94-a457-d073933be4aa,,,,,,,,,,,,,SE-6,0|i0005r:,,,SE Sprint 1,,1.0,,,,Listo,12/jun/26 11:15 AM,10187,SE-4,ÉPICA 1: Infraestructura y Core del Sistema
TAREA 1.2.1 — Servidor Node/Express y middlewares base,SE-12,10195,Tarea,Listo,SE,SIGA-escolar,software,Marcelo Andrés Acevedo Silva,712020:38e85f3a-1a40-4f94-a457-d073933be4aa,,Medium,Listo,Marcelo Andrés Acevedo Silva,712020:38e85f3a-1a40-4f94-a457-d073933be4aa,Marcelo Andrés Acevedo Silva,712020:38e85f3a-1a40-4f94-a457-d073933be4aa,Marcelo Andrés Acevedo Silva,712020:38e85f3a-1a40-4f94-a457-d073933be4aa,12/jun/26 12:48 AM,12/jun/26 11:49 AM,12/jun/26 11:16 AM,12/jun/26 11:49 AM,,0,backend,seguridad,setup,,"Crear la estructura base del servidor Node.js con Express. Dependencias producción: express, cors, helmet, dotenv, pg, @supabase/supabase-js. Dependencias dev: nodemon, eslint. Estructura de carpetas: /src/controllers, /src/middlewares, /src/routes, /src/services, /src/models, /src/utils, app.js, server.js. Subtareas: (1) npm init e instalar dependencias. (2) Configurar app.js con middlewares cors (whitelist), helmet, express.json() y manejo global de errores. (3) Crear GET /api/v1/health → { status: 'ok', timestamp }. (4) Configurar conexión a Supabase/PostgreSQL con variables de entorno. (5) Estructurar sistema de rutas con prefijo /api/v1. (6) Configurar ESLint.

Criterios de Aceptación- 
npm run dev inicia sin errores. - GET /api/v1/health responde 200 OK con { status: 'ok', timestamp }. - Headers de seguridad presentes: X-Content-Type-Options, X-Frame-Options, Strict-Transport-Security. - CORS acepta localhost:5173 y rechaza orígenes no listados. - Conexión a Supabase verificada al iniciar (query de prueba exitoso).",,Marcelo Andrés Acevedo Silva,712020:38e85f3a-1a40-4f94-a457-d073933be4aa,,,,,,,,,,,,,SE-5,0|i0005z:,,,SE Sprint 1,,3.0,,,,Listo,12/jun/26 11:49 AM,10187,SE-4,ÉPICA 1: Infraestructura y Core del Sistema
HU 2.4 – Protocolos RICE,SE-25,10272,Historia,Listo,SE,SIGA-escolar,software,Marcelo Andrés Acevedo Silva,712020:38e85f3a-1a40-4f94-a457-d073933be4aa,,High,Listo,Marcelo Andrés Acevedo Silva,712020:38e85f3a-1a40-4f94-a457-d073933be4aa,Marcelo Andrés Acevedo Silva,712020:38e85f3a-1a40-4f94-a457-d073933be4aa,Marcelo Andrés Acevedo Silva,712020:38e85f3a-1a40-4f94-a457-d073933be4aa,17/jun/26 12:38 PM,18/jun/26 1:08 PM,18/jun/26 1:08 PM,18/jun/26 1:08 PM,,0,backend,frontend,protocolos,RICE,"|*Descripción*|*Como* coordinador de convivencia, *quiero* abrir y gestionar protocolos normativos RICE paso a paso *para* cumplir con las exigencias de la Superintendencia de Educación en los 10 tipos de protocolo definidos.|
|*Criterios de Aceptación*|* Se pueden abrir los 10 tipos de protocolo normativo definidos (RF-08). - Cada protocolo queda vinculado a un estudiante y opcionalmente a un incidente origen. - Los estados son trazables: En Investigación → Derivado → Cerrado (RF-09). - No se puede vincular un protocolo a un estudiante que no participó en el incidente origen. - Al cerrar un protocolo se registra automáticamente la {{fecha_cierre}}. - El coordinador puede agregar observaciones en cada cambio de estado.|",,Marcelo Andrés Acevedo Silva,712020:38e85f3a-1a40-4f94-a457-d073933be4aa,,,,,,,,,SE-34,SE-33,,,,0|i0005z:1,,,SE Sprint 2,,,,,,Listo,18/jun/26 1:08 PM,10236,SE-21,EPICA 2: Lógica de Negocio y Módulos Core
HU 2.3 – Registro de Incidentes y Notificaciones,SE-24,10271,Historia,Listo,SE,SIGA-escolar,software,Marcelo Andrés Acevedo Silva,712020:38e85f3a-1a40-4f94-a457-d073933be4aa,,High,Listo,Marcelo Andrés Acevedo Silva,712020:38e85f3a-1a40-4f94-a457-d073933be4aa,Marcelo Andrés Acevedo Silva,712020:38e85f3a-1a40-4f94-a457-d073933be4aa,Marcelo Andrés Acevedo Silva,712020:38e85f3a-1a40-4f94-a457-d073933be4aa,17/jun/26 12:37 PM,18/jun/26 1:07 PM,18/jun/26 1:07 PM,18/jun/26 1:07 PM,,0,backend,frontend,incidentes,notificaciones,"|*Descripción*|*Como* inspector o coordinador, *quiero* registrar incidentes de convivencia en un formulario estructurado y recibir alertas automáticas ante casos graves *para* gestionar la convivencia escolar de forma ágil, trazable y conforme a la normativa.|
|*Criterios de Aceptación*|* Formulario de incidente guarda correctamente en BD con todos los campos obligatorios (RF-06). - Incidente con gravedad Grave o Gravísima genera notificación automática interna (RF-07). - La notificación queda registrada en la tabla {{notificaciones}} con destinatarios correctos. - El estado del incidente avanza correctamente: En Investigación → Derivado → Cerrado (RF-09). - No se permiten transiciones de estado hacia atrás (ej: Cerrado → En Investigación). - Al registrar incidente Grave o Gravísimo, la UI muestra alerta visual prominente.|",,Marcelo Andrés Acevedo Silva,712020:38e85f3a-1a40-4f94-a457-d073933be4aa,,,,,,,,,SE-31,SE-32,,,,0|i0005z:2,,,SE Sprint 2,,,,,,Listo,18/jun/26 1:07 PM,10236,SE-21,EPICA 2: Lógica de Negocio y Módulos Core
HU 2.2 – Gestión de Estudiantes e Importación Masiva,SE-23,10270,Historia,Listo,SE,SIGA-escolar,software,Marcelo Andrés Acevedo Silva,712020:38e85f3a-1a40-4f94-a457-d073933be4aa,,High,Listo,Marcelo Andrés Acevedo Silva,712020:38e85f3a-1a40-4f94-a457-d073933be4aa,Marcelo Andrés Acevedo Silva,712020:38e85f3a-1a40-4f94-a457-d073933be4aa,Marcelo Andrés Acevedo Silva,712020:38e85f3a-1a40-4f94-a457-d073933be4aa,17/jun/26 12:36 PM,18/jun/26 1:07 PM,18/jun/26 1:07 PM,18/jun/26 1:07 PM,,0,backend,estudiantes,frontend,importacion,"|*Descripción*|*Como* administrador o coordinador, *quiero* importar la nómina completa de estudiantes desde un archivo CSV y gestionar sus perfiles *para* tener el registro digital de los 483 alumnos del establecimiento disponible en el sistema.|
|*Criterios de Aceptación*|* Carga exitosa de 483 alumnos desde un CSV real en menos de 5 segundos. - RUT duplicado en el mismo tenant hace upsert (actualiza datos, no duplica). - Perfil del estudiante muestra datos personales, curso, apoderado e historial cronológico de incidentes (RF-05). - Búsqueda de estudiante por nombre o RUT retorna resultados en menos de 1 segundo. - Archivo mayor a 10MB es rechazado con mensaje de error claro.|",,Marcelo Andrés Acevedo Silva,712020:38e85f3a-1a40-4f94-a457-d073933be4aa,,,,,,,,,SE-29,SE-30,,,,0|i0005z:4,,,SE Sprint 2,,,,,,Listo,18/jun/26 1:07 PM,10236,SE-21,EPICA 2: Lógica de Negocio y Módulos Core
HU 2.1 – RBAC Completo y Gestión de Usuarios,SE-22,10269,Historia,Listo,SE,SIGA-escolar,software,Marcelo Andrés Acevedo Silva,712020:38e85f3a-1a40-4f94-a457-d073933be4aa,,High,Listo,Marcelo Andrés Acevedo Silva,712020:38e85f3a-1a40-4f94-a457-d073933be4aa,Marcelo Andrés Acevedo Silva,712020:38e85f3a-1a40-4f94-a457-d073933be4aa,Marcelo Andrés Acevedo Silva,712020:38e85f3a-1a40-4f94-a457-d073933be4aa,17/jun/26 12:35 PM,18/jun/26 1:07 PM,18/jun/26 1:07 PM,18/jun/26 1:07 PM,,0,backend,frontend,rbca,usuarios,"| |*Como* administrador del sistema, *quiero* controlar el acceso por roles y gestionar los usuarios del establecimiento *para* garantizar que cada funcionario solo acceda a la información y funciones correspondientes a su rol.|
|*Criterios de Aceptación*|* Middleware RBAC protege todas las rutas según la matriz de permisos definida. - El administrador puede crear, editar y desactivar usuarios del tenant. - Un docente no puede acceder a rutas de reportería ni administración (retorna 403). - El {{tenant_id}} del JWT filtra correctamente los datos via RLS en cada request autenticado.|",,Marcelo Andrés Acevedo Silva,712020:38e85f3a-1a40-4f94-a457-d073933be4aa,,,,,,,,,SE-27,SE-28,,,,0|i0005z:9,,,SE Sprint 2,,,,,,Listo,18/jun/26 1:07 PM,10236,SE-21,EPICA 2: Lógica de Negocio y Módulos Core
TAREA 2.4.2 — UI Módulo RICE,SE-34,10281,Tarea,Listo,SE,SIGA-escolar,software,Marcelo Andrés Acevedo Silva,712020:38e85f3a-1a40-4f94-a457-d073933be4aa,,High,Listo,Daniel Flores,62e971c2f15eecaf500dbfca,Marcelo Andrés Acevedo Silva,712020:38e85f3a-1a40-4f94-a457-d073933be4aa,Marcelo Andrés Acevedo Silva,712020:38e85f3a-1a40-4f94-a457-d073933be4aa,17/jun/26 1:21 PM,17/jun/26 9:39 PM,,17/jun/26 9:39 PM,,0,frontend,RICE,UI,,"|*Descripción*|Construir las vistas del módulo de protocolos RICE. *Subtareas:* (1) Crear {{ProtocolosPage.jsx}}: tabla de protocolos activos con filtros por estado y tipo. (2) Crear {{NuevoProtocoloPage.jsx}}: selector de tipo de protocolo (10 opciones), buscador de estudiante, selector de incidente relacionado (opcional, muestra incidentes del estudiante seleccionado), fecha de apertura, campo de observaciones iniciales. (3) Crear {{ProtocoloDetallePage.jsx}}: datos completos del protocolo, línea de tiempo visual del estado (En Investigación → Derivado → Cerrado), formulario inline para avanzar estado con observación obligatoria. (4) Agregar rutas {{/protocolos}}, {{/protocolos/nuevo}}, {{/protocolos/:id}}. (5) Proteger rutas con {{RoleRoute(['Administrador', 'Coordinador'])}}.|
|*Criterios de Aceptación*|* Al seleccionar estudiante en el formulario, carga automáticamente sus incidentes relacionados. - Línea de tiempo visual muestra el estado actual resaltado. - Avanzar estado requiere ingresar observación (campo obligatorio). - Tabla muestra badge de estado con color por etapa. - Vista responsiva desde 360px.|",,Marcelo Andrés Acevedo Silva,712020:38e85f3a-1a40-4f94-a457-d073933be4aa,,,,,,,,,,,,,SE-25,0|i0005z:i,,,SE Sprint 2,,3.0,,,,Listo,17/jun/26 9:39 PM,10236,SE-21,EPICA 2: Lógica de Negocio y Módulos Core
TAREA 2.3.2 — UI Formulario de Incidentes y Dashboard de Casos,SE-32,10279,Tarea,Listo,SE,SIGA-escolar,software,Marcelo Andrés Acevedo Silva,712020:38e85f3a-1a40-4f94-a457-d073933be4aa,,High,Listo,Daniel Flores,62e971c2f15eecaf500dbfca,Marcelo Andrés Acevedo Silva,712020:38e85f3a-1a40-4f94-a457-d073933be4aa,Marcelo Andrés Acevedo Silva,712020:38e85f3a-1a40-4f94-a457-d073933be4aa,17/jun/26 1:18 PM,17/jun/26 9:39 PM,,17/jun/26 9:39 PM,,0,frontend,incidentes,UI,,"|*Descripción*|Construir el formulario de registro de incidentes y la vista de gestión de casos activos. *Subtareas:* (1) Crear {{NuevoIncidentePage.jsx}}: selector de tipo de abordaje (poblado desde {{GET /tipos-abordaje}}), selector de fecha, selector de gravedad con colores (Leve/Grave/Gravísima), buscador de estudiantes involucrados (busca al escribir mínimo 2 caracteres, permite agregar múltiples), para cada estudiante: checkbox {{es_victima}} y campo observación, campo de texto para relato (mínimo 20 caracteres), campo para medidas adoptadas, botón guardar con spinner. (2) Crear {{IncidentesPage.jsx}}: grilla de casos con filtros por estado, gravedad y fecha. (3) Componente {{AlertaGrave.jsx}}: banner/toast prominente al registrar incidente Grave o Gravísimo (RF-07). (4) Crear {{IncidenteDetallePage.jsx}}: vista completa del incidente con todos los datos y botón de cambio de estado. (5) Agregar rutas: {{/incidentes}}, {{/incidentes/nuevo}}, {{/incidentes/:id}}. (6) Proteger rutas según roles: creación solo Administrador, Coordinador e Inspector.|
|*Criterios de Aceptación*|* Formulario no permite enviar con campos obligatorios vacíos. - Buscador de estudiantes muestra resultados al escribir mínimo 2 caracteres. - Al registrar incidente Grave/Gravísimo aparece alerta visual prominente (RF-07). - Grilla muestra estado actual de cada caso con badge de color. - Cambio de estado desde el detalle actualiza la UI sin recargar la página. - Vista responsiva desde 360px.|",,Marcelo Andrés Acevedo Silva,712020:38e85f3a-1a40-4f94-a457-d073933be4aa,,,,,,,,,,,,,SE-24,0|i00060:,,,SE Sprint 2,,5.0,,,,Listo,17/jun/26 9:39 PM,10236,SE-21,EPICA 2: Lógica de Negocio y Módulos Core
TAREA 2.2.2 — UI Gestión de Estudiantes e Importación,SE-30,10277,Tarea,Listo,SE,SIGA-escolar,software,Marcelo Andrés Acevedo Silva,712020:38e85f3a-1a40-4f94-a457-d073933be4aa,,High,Listo,Daniel Flores,62e971c2f15eecaf500dbfca,Marcelo Andrés Acevedo Silva,712020:38e85f3a-1a40-4f94-a457-d073933be4aa,Marcelo Andrés Acevedo Silva,712020:38e85f3a-1a40-4f94-a457-d073933be4aa,17/jun/26 1:15 PM,17/jun/26 9:34 PM,,17/jun/26 9:34 PM,,0,estudiantes,frontend,UI,,"|*Descripción*|Construir las vistas de listado, perfil y carga masiva de estudiantes. *Subtareas:* (1) Crear {{EstudiantesPage.jsx}}: tabla con buscador por nombre/RUT (debounce 300ms), filtro por curso. (2) Crear {{EstudiantePerfilPage.jsx}}: vista unificada con datos personales, apoderado e historial cronológico de incidentes (RF-05). (3) Crear {{ImportarEstudiantesModal.jsx}}: dropzone para arrastrar/soltar CSV o Excel, botón de descarga de plantilla CSV de ejemplo, barra de progreso durante importación, tabla de resumen post-importación con conteo de importados, actualizados y errores. (4) Agregar rutas {{/estudiantes}} y {{/estudiantes/:id}} al router. (5) Proteger rutas según roles: lectura para todos, escritura solo Administrador y Coordinador.|
|*Criterios de Aceptación*|* Buscador filtra en tiempo real con debounce de 300ms. - Perfil del estudiante muestra historial de incidentes ordenado por fecha descendente. - Importación muestra resumen con conteo de éxitos y errores. - Plantilla CSV descargable con columnas correctas y fila de ejemplo. - Vista responsiva desde 360px.|",,Marcelo Andrés Acevedo Silva,712020:38e85f3a-1a40-4f94-a457-d073933be4aa,,,,,,,,,,,,,SE-23,0|i00061:,,,SE Sprint 2,,3.0,,,,Listo,17/jun/26 9:34 PM,10236,SE-21,EPICA 2: Lógica de Negocio y Módulos Core
TAREA 2.1.3 — UI Gestión de Usuarios,SE-28,10275,Tarea,Listo,SE,SIGA-escolar,software,Marcelo Andrés Acevedo Silva,712020:38e85f3a-1a40-4f94-a457-d073933be4aa,,High,Listo,Daniel Flores,62e971c2f15eecaf500dbfca,Marcelo Andrés Acevedo Silva,712020:38e85f3a-1a40-4f94-a457-d073933be4aa,Marcelo Andrés Acevedo Silva,712020:38e85f3a-1a40-4f94-a457-d073933be4aa,17/jun/26 1:09 PM,17/jun/26 9:34 PM,,17/jun/26 9:34 PM,,0,frontend,UI,usuarios,,"|*Descripción*|Construir la pantalla de gestión de usuarios visible solo para el Administrador. *Subtareas:* (1) Crear {{UsuariosPage.jsx}} con tabla de usuarios: nombre, apellido, email, rol, estado (activo/inactivo). (2) Modal {{CrearUsuarioModal.jsx}}: formulario con campos nombre, apellido, email, rol, contraseña. (3) Modal {{EditarUsuarioModal.jsx}}: mismos campos sin contraseña. (4) Botón desactivar con confirmación: {{""¿Estás seguro de desactivar a [nombre]?""}}. (5) Proteger ruta {{/usuarios}} con {{RoleRoute}} que solo permita Administrador. (6) Badge de rol con colores diferenciados por rol. (7) Manejo de errores: email duplicado, último admin, etc.|
|*Criterios de Aceptación*|* Tabla muestra todos los usuarios del tenant. - Crear usuario exitoso agrega la fila a la tabla sin recargar la página. - Desactivar usuario cambia el badge de estado a ""Inactivo"". - Ruta {{/usuarios}} redirige a {{/no-autorizado}} si el rol no es Administrador. - Formulario valida campos requeridos antes de enviar. - Vista responsiva desde 360px.|",,Marcelo Andrés Acevedo Silva,712020:38e85f3a-1a40-4f94-a457-d073933be4aa,,,,,,,,,,,,,SE-22,0|i00063:,,,SE Sprint 2,,3.0,,,,Listo,17/jun/26 9:34 PM,10236,SE-21,EPICA 2: Lógica de Negocio y Módulos Core
TAREA 2.4.1 — API Protocolos RICE,SE-33,10280,Tarea,Listo,SE,SIGA-escolar,software,Marcelo Andrés Acevedo Silva,712020:38e85f3a-1a40-4f94-a457-d073933be4aa,,High,Listo,Marcelo Andrés Acevedo Silva,712020:38e85f3a-1a40-4f94-a457-d073933be4aa,Marcelo Andrés Acevedo Silva,712020:38e85f3a-1a40-4f94-a457-d073933be4aa,Marcelo Andrés Acevedo Silva,712020:38e85f3a-1a40-4f94-a457-d073933be4aa,17/jun/26 1:20 PM,17/jun/26 2:54 PM,17/jun/26 2:41 PM,17/jun/26 2:54 PM,,0,backend,protocolos,RICE,,"|*Descripción*|Desarrollar los endpoints del módulo RICE con validación de jerarquía estudiante-incidente y trazabilidad de estados. *Endpoints:* {{GET /api/v1/protocolos}} con filtros. {{GET /api/v1/protocolos/:id}} — detalle del protocolo. {{POST /api/v1/protocolos}} — abrir nuevo protocolo. {{PATCH /api/v1/protocolos/:id/estado}} — avanzar estado con observación. {{GET /api/v1/tipos-protocolo}} — listar los 10 tipos. *Subtareas:* (1) Crear {{protocolosController.js}} y {{protocolosService.js}}. (2) Crear {{protocolos.routes.js}} con {{requireRole('Administrador', 'Coordinador')}}. (3) Endpoint {{POST /protocolos}}: body con {{estudiante_id}}, {{tipo_protocolo_id}}, {{fecha_apertura}}, {{incidente_id}} (opcional), {{observaciones}}. Si {{incidente_id}} presente: validar que {{estudiante_id}} existe en {{incidente_estudiantes}} para ese incidente. Estado inicial siempre {{En Investigación}}. (4) Endpoint {{PATCH /protocolos/:id/estado}}: valida transiciones (En Investigación → Derivado, Derivado → Cerrado). Al cerrar: establece {{fecha_cierre = NOW()}}. (5) Registrar todos los eventos en auditoría.|
|*Criterios de Aceptación*|* Abrir protocolo con {{estudiante_id}} que no pertenece al {{incidente_id}} → 400 con mensaje claro. - Estado inicial siempre es {{En Investigación}}. - Transición inválida de estado → 400 {{""Transición de estado no permitida""}}. - Al cerrar protocolo, {{fecha_cierre}} se establece automáticamente. - {{GET /protocolos?estado=Derivado}} retorna solo protocolos en ese estado. - Auditoría registra apertura y cambios de estado.|",,Marcelo Andrés Acevedo Silva,712020:38e85f3a-1a40-4f94-a457-d073933be4aa,,,,,,,,,,,,,SE-25,0|i00067:,,,SE Sprint 2,,4.0,,,,Listo,17/jun/26 2:54 PM,10236,SE-21,EPICA 2: Lógica de Negocio y Módulos Core
TAREA 1.2.3 — Middlewares RBAC 5 roles,SE-14,10197,Tarea,Listo,SE,SIGA-escolar,software,Marcelo Andrés Acevedo Silva,712020:38e85f3a-1a40-4f94-a457-d073933be4aa,,Medium,Listo,Marcelo Andrés Acevedo Silva,712020:38e85f3a-1a40-4f94-a457-d073933be4aa,Marcelo Andrés Acevedo Silva,712020:38e85f3a-1a40-4f94-a457-d073933be4aa,Marcelo Andrés Acevedo Silva,712020:38e85f3a-1a40-4f94-a457-d073933be4aa,12/jun/26 12:53 AM,17/jun/26 1:43 PM,17/jun/26 1:35 PM,17/jun/26 1:43 PM,,0,backend,rbac,seguridad,,"Implementar middlewares de autorización para los 5 roles del sistema. Roles: admin (acceso total), coordinador (incidentes y reportería), directivo (solo lectura reportería), inspector (registro incidentes), docente (solo sus cursos). Subtareas: (1) Middleware requireRole(...roles): verifica req.user.rol en lista de roles permitidos. (2) Middleware setTenantContext: establece tenant_id en conexión PostgreSQL para activar RLS. (3) Proteger rutas según matriz de permisos. (4) Tests en Postman para cada combinación rol/ruta.

Criterios de Aceptación- 
Ruta protegida con rol insuficiente retorna 403 Forbidden. - Docente no puede acceder a reportería (403). - Inspector puede crear incidentes pero no acceder al dashboard analítico (403). - tenant_id se establece correctamente y RLS filtra sin contaminación entre tenants. - Matriz de permisos documentada en README del backend.",,Marcelo Andrés Acevedo Silva,712020:38e85f3a-1a40-4f94-a457-d073933be4aa,,,,,,,,,,,,,SE-5,0|i0006f:,,,SE Sprint 2,,4.0,,,,Listo,17/jun/26 1:43 PM,10187,SE-4,ÉPICA 1: Infraestructura y Core del Sistema
TAREA 2.1.2 — API CRUD de Usuarios,SE-27,10274,Tarea,Listo,SE,SIGA-escolar,software,Marcelo Andrés Acevedo Silva,712020:38e85f3a-1a40-4f94-a457-d073933be4aa,,High,Listo,Marcelo Andrés Acevedo Silva,712020:38e85f3a-1a40-4f94-a457-d073933be4aa,Marcelo Andrés Acevedo Silva,712020:38e85f3a-1a40-4f94-a457-d073933be4aa,Marcelo Andrés Acevedo Silva,712020:38e85f3a-1a40-4f94-a457-d073933be4aa,17/jun/26 1:08 PM,17/jun/26 1:58 PM,17/jun/26 1:42 PM,17/jun/26 1:58 PM,,0,backend,usuarios,,,"|*Descripción*|Desarrollar los endpoints de gestión de usuarios para el administrador. *Endpoints:* {{GET /api/v1/usuarios}} — listar usuarios del tenant. {{GET /api/v1/usuarios/:id}} — obtener usuario por ID. {{POST /api/v1/usuarios}} — crear usuario con contraseña hasheada. {{PUT /api/v1/usuarios/:id}} — actualizar datos del usuario. {{PATCH /api/v1/usuarios/:id/desactivar}} — baja lógica. *Subtareas:* (1) Crear {{usuariosController.js}} con los 5 handlers. (2) Crear {{usuariosService.js}} con lógica de negocio (hashear password en creación). (3) Crear {{usuarios.routes.js}} con {{requireRole('Administrador')}}. (4) Validar que no se pueda desactivar el último administrador activo del tenant. (5) Validar email único por tenant en creación y edición. (6) Nunca retornar el campo {{password}} en ninguna respuesta.|
|*Criterios de Aceptación*|* {{GET /usuarios}} retorna lista de usuarios sin campo {{password}}. - {{POST /usuarios}} crea usuario con contraseña hasheada (bcrypt coste 10). - {{PATCH /usuarios/:id/desactivar}} hace baja lógica ({{activo = false}}). - Intentar desactivar el último admin activo → 400 con mensaje explicativo. - Email duplicado en el mismo tenant → 409 {{""El email ya está registrado""}}. - Rol insuficiente en cualquier endpoint → 403.|",,Marcelo Andrés Acevedo Silva,712020:38e85f3a-1a40-4f94-a457-d073933be4aa,,,,,,,,,,,,,SE-22,0|i0006g:,,,SE Sprint 2,,3.0,,,,Listo,17/jun/26 1:58 PM,10236,SE-21,EPICA 2: Lógica de Negocio y Módulos Core
TAREA 2.2.1 — API CRUD de Estudiantes + Importación CSV,SE-29,10276,Tarea,Listo,SE,SIGA-escolar,software,Marcelo Andrés Acevedo Silva,712020:38e85f3a-1a40-4f94-a457-d073933be4aa,,High,Listo,Marcelo Andrés Acevedo Silva,712020:38e85f3a-1a40-4f94-a457-d073933be4aa,Marcelo Andrés Acevedo Silva,712020:38e85f3a-1a40-4f94-a457-d073933be4aa,Marcelo Andrés Acevedo Silva,712020:38e85f3a-1a40-4f94-a457-d073933be4aa,17/jun/26 1:14 PM,17/jun/26 2:21 PM,17/jun/26 1:59 PM,17/jun/26 2:21 PM,,0,backend,estudiantes,importacion,,"|*Descripción*|Desarrollar los endpoints de gestión de estudiantes y el procesador de importación masiva. *Dependencias a instalar:* {{multer}}, {{csv-parse}}, {{xlsx}}. *Endpoints:* {{GET /api/v1/estudiantes}} con filtros (curso, nombre, rut, activo). {{GET /api/v1/estudiantes/:id/perfil}} — perfil completo con incidentes y apoderados. {{POST /api/v1/estudiantes}} — crear estudiante individual. {{PUT /api/v1/estudiantes/:id}} — actualizar datos. {{POST /api/v1/estudiantes/importar}} — importación masiva CSV/Excel. *Subtareas:* (1) Instalar dependencias: {{npm install multer csv-parse xlsx}}. (2) Crear {{estudiantesController.js}} y {{estudiantesService.js}}. (3) Crear {{estudiantes.routes.js}} con roles según matriz. (4) Endpoint {{POST /importar}}: acepta {{.csv}} o {{.xlsx}}, columnas esperadas: {{rut}}, {{nombre}}, {{apellido}}, {{curso}}. Normaliza RUT (elimina puntos y guión, valida formato chileno). Busca o crea el curso por nombre automáticamente. Si RUT ya existe: hace upsert. Si RUT es inválido: agrega al reporte de errores sin detener la importación. Retorna resumen {{{ importados, actualizados, errores: [{ fila, rut, motivo }] }}}. (5) Búsqueda full-text por nombre y RUT con {{ilike}}. (6) Rechazar archivos mayores a 10MB.|
|*Criterios de Aceptación*|* CSV de 483 alumnos se procesa en menos de 5 segundos. - RUTs inválidos no detienen la importación — aparecen en el reporte de errores. - RUT duplicado en mismo tenant hace upsert (actualiza, no duplica). - {{GET /estudiantes?nombre=juan}} retorna resultados filtrados. - {{GET /estudiantes/:id/perfil}} retorna estudiante + array de incidentes + array de apoderados. - Archivo mayor a 10MB → 400 {{""El archivo no puede superar los 10MB""}}. - Roles insuficientes → 403.|",,Marcelo Andrés Acevedo Silva,712020:38e85f3a-1a40-4f94-a457-d073933be4aa,,,,,,,,,,,,,SE-23,0|i0006g:i,,,SE Sprint 2,,5.0,,,,Listo,17/jun/26 2:21 PM,10236,SE-21,EPICA 2: Lógica de Negocio y Módulos Core
TAREA 2.3.1 — API Incidentes + Notificaciones,SE-31,10278,Tarea,Listo,SE,SIGA-escolar,software,Marcelo Andrés Acevedo Silva,712020:38e85f3a-1a40-4f94-a457-d073933be4aa,,High,Listo,Marcelo Andrés Acevedo Silva,712020:38e85f3a-1a40-4f94-a457-d073933be4aa,Marcelo Andrés Acevedo Silva,712020:38e85f3a-1a40-4f94-a457-d073933be4aa,Marcelo Andrés Acevedo Silva,712020:38e85f3a-1a40-4f94-a457-d073933be4aa,17/jun/26 1:17 PM,17/jun/26 2:41 PM,17/jun/26 2:22 PM,17/jun/26 2:41 PM,,0,backend,incidentes,notificaciones,,"|*Descripción*|Desarrollar los endpoints del módulo de convivencia con validaciones estrictas y notificaciones automáticas para incidentes graves. *Dependencias a instalar:* {{zod}}. *Endpoints:* {{GET /api/v1/incidentes}} con filtros (estado, gravedad, fecha, estudiante). {{GET /api/v1/incidentes/:id}} — detalle completo con estudiantes involucrados. {{POST /api/v1/incidentes}} — registrar nuevo incidente (RF-06). {{PATCH /api/v1/incidentes/:id/estado}} — cambiar estado (RF-09). {{GET /api/v1/tipos-abordaje}} — listar catálogo para poblar el select del formulario. *Subtareas:* (1) Instalar {{zod}}: {{npm install zod}}. (2) Crear {{incidentesController.js}} e {{incidentesService.js}}. (3) Crear {{incidentes.routes.js}} con roles según matriz. (4) Endpoint {{POST /incidentes}}: body con {{tipo_abordaje_id}}, {{fecha}}, {{gravedad}}, {{relato}}, {{medidas}}, {{estudiantes: [{ estudiante_id, es_victima, observacion }]}}. Validar con Zod todos los campos obligatorios y mínimo 1 estudiante involucrado. Insertar en {{incidentes}} e {{incidente_estudiantes}} en una transacción. Si gravedad es Grave o Gravísima → disparar {{notificacionService.crearAlerta()}}. Registrar en {{auditoria}} con acción CREATE. (5) Crear {{notificacionService.js}}: método {{crearAlerta(incidente, tenant_id)}} que inserta en tabla {{notificaciones}} con {{canal: 'interno'}}. Destinatarios: todos los usuarios con rol Coordinador o Administrador del tenant. Mensaje: {{""Incidente [gravedad] registrado el [fecha] — Estudiante: [nombre]""}}. (6) Endpoint {{PATCH /incidentes/:id/estado}}: valida transiciones permitidas (En Investigación → Derivado, Derivado → Cerrado). No permite retroceder estados. Registra en auditoría con acción UPDATE.|
|*Criterios de Aceptación*|* {{POST /incidentes}} sin campo {{relato}} → 400 con mensaje de validación específico. - {{POST /incidentes}} sin estudiantes → 400 {{""Debe incluir al menos un estudiante involucrado""}}. - Incidente Gravísimo → registro automático en tabla {{notificaciones}} con destinatarios correctos. - Incidente Leve → no genera notificación. - {{PATCH /estado}} con transición inválida → 400 {{""Transición de estado no permitida""}}. - Auditoría registra el evento CREATE con el {{registro_id}} del incidente creado. - Todos los campos en la respuesta coinciden con el contrato de API v2.|",,Marcelo Andrés Acevedo Silva,712020:38e85f3a-1a40-4f94-a457-d073933be4aa,,,,,,,,,,,,,SE-24,0|i0006g:r,,,SE Sprint 2,,5.0,,,,Listo,17/jun/26 2:41 PM,10236,SE-21,EPICA 2: Lógica de Negocio y Módulos Core
HU 1.2 – Motor Backend y Autenticación,SE-5,10188,Historia,Listo,SE,SIGA-escolar,software,Marcelo Andrés Acevedo Silva,712020:38e85f3a-1a40-4f94-a457-d073933be4aa,,Medium,Listo,Marcelo Andrés Acevedo Silva,712020:38e85f3a-1a40-4f94-a457-d073933be4aa,Marcelo Andrés Acevedo Silva,712020:38e85f3a-1a40-4f94-a457-d073933be4aa,Marcelo Andrés Acevedo Silva,712020:38e85f3a-1a40-4f94-a457-d073933be4aa,12/jun/26 12:27 AM,17/jun/26 1:43 PM,17/jun/26 1:43 PM,17/jun/26 1:43 PM,,0,backend,,,,"*Como* usuario del sistema, *quiero* autenticarme de forma segura con mi correo institucional y contraseña *para* obtener acceso al sistema con bloqueo automático de cuenta ante 5 intentos fallidos.

Criterios de Aceptación- 
Servidor Node/Express responde GET /api/v1/health con 200 OK. - Login exitoso retorna JWT con user_id, tenant_id, rol y expiración de 8 horas. - Tras 5 intentos fallidos consecutivos, la cuenta queda bloqueada 15 minutos. - Rutas sin token retornan 401; tokens inválidos o expirados son rechazados.",,Marcelo Andrés Acevedo Silva,712020:38e85f3a-1a40-4f94-a457-d073933be4aa,,,,,,,,,SE-12,SE-13,SE-14,SE-15,,0|i0006h:,,,SE Sprint 1,SE Sprint 2,,,,,Listo,17/jun/26 1:43 PM,10187,SE-4,ÉPICA 1: Infraestructura y Core del Sistema
EPICA 2: Lógica de Negocio y Módulos Core,SE-21,10236,Epic,Tareas por hacer,SE,SIGA-escolar,software,Marcelo Andrés Acevedo Silva,712020:38e85f3a-1a40-4f94-a457-d073933be4aa,,Medium,,,,Marcelo Andrés Acevedo Silva,712020:38e85f3a-1a40-4f94-a457-d073933be4aa,Marcelo Andrés Acevedo Silva,712020:38e85f3a-1a40-4f94-a457-d073933be4aa,16/jun/26 2:26 PM,16/jun/26 2:26 PM,,,,0,backend,core,frontend,infra,"Desarrollar los flujos de gestión de convivencia, importación masiva de estudiantes, registro de incidentes con notificaciones automáticas, y protocolos normativos RICE. Esta épica cubre el Sprint 2 completo y los protocolos RICE en Sprint 3.",,Marcelo Andrés Acevedo Silva,712020:38e85f3a-1a40-4f94-a457-d073933be4aa,,,,,,,,,,,,,,0|i0006n:,blue,,SE Sprint 2,,0.0,,,,Por hacer,16/jun/26 2:26 PM,,,
"Analítica, Reportería y Despliegue a Producción",SE-35,10314,Epic,Tareas por hacer,SE,SIGA-escolar,software,Marcelo Andrés Acevedo Silva,712020:38e85f3a-1a40-4f94-a457-d073933be4aa,,Medium,,,,Marcelo Andrés Acevedo Silva,712020:38e85f3a-1a40-4f94-a457-d073933be4aa,Marcelo Andrés Acevedo Silva,712020:38e85f3a-1a40-4f94-a457-d073933be4aa,23/jun/26 9:47 PM,23/jun/26 9:47 PM,29/jun/26 4:04 PM,,,0,analitica,backend,deploy,frontend,"Completar el MVP con dashboard analítico en tiempo real, exportación de reportes PDF con membrete institucional, despliegue a producción en plataformas cloud PaaS con URL pública HTTPS, y validación UAT con el cliente.",,Marcelo Andrés Acevedo Silva,712020:38e85f3a-1a40-4f94-a457-d073933be4aa,,,,,,,,,,,,,,0|i0006v:,dark_green,,SE Sprint 3,,,,,,Por hacer,23/jun/26 9:47 PM,,,
HU 3.4 – Certificación UAT y Entrega Final al Cliente,SE-39,10318,Historia,Listo,SE,SIGA-escolar,software,Marcelo Andrés Acevedo Silva,712020:38e85f3a-1a40-4f94-a457-d073933be4aa,,High,Listo,Marcelo Andrés Acevedo Silva,712020:38e85f3a-1a40-4f94-a457-d073933be4aa,Marcelo Andrés Acevedo Silva,712020:38e85f3a-1a40-4f94-a457-d073933be4aa,Marcelo Andrés Acevedo Silva,712020:38e85f3a-1a40-4f94-a457-d073933be4aa,23/jun/26 9:57 PM,29/jun/26 3:22 PM,31/ago/26 12:23 PM,29/jun/26 3:22 PM,,0,documentacion,entrega,uat,,"|*Descripción*|*Como* cliente (Coordinador de Convivencia), *quiero* validar el software operando con datos reales *para* dar mi aprobación formal de uso y recibir las credenciales y documentación del sistema.|
|*Criterios de Aceptación*|* Los 483 estudiantes están cargados en producción vía CSV. - Usuarios del establecimiento creados con sus 5 roles. - Pruebas UAT ejecutadas por el coordinador sin errores bloqueantes. - Acta de conformidad firmada por el cliente. - Credenciales entregadas al administrador del establecimiento. - Documentación técnica entregada: arquitectura, MER, URLs, manual básico.|",,Marcelo Andrés Acevedo Silva,712020:38e85f3a-1a40-4f94-a457-d073933be4aa,,,,,,,,,SE-47,SE-46,,,,0|i0007r:,,,SE Sprint 3,,,,,,Listo,29/jun/26 3:22 PM,10314,SE-35,"Analítica, Reportería y Despliegue a Producción"
HU 3.2 – Exportación PDF de Historial Conductual,SE-37,10316,Historia,Listo,SE,SIGA-escolar,software,Marcelo Andrés Acevedo Silva,712020:38e85f3a-1a40-4f94-a457-d073933be4aa,,High,Listo,Marcelo Andrés Acevedo Silva,712020:38e85f3a-1a40-4f94-a457-d073933be4aa,Marcelo Andrés Acevedo Silva,712020:38e85f3a-1a40-4f94-a457-d073933be4aa,Marcelo Andrés Acevedo Silva,712020:38e85f3a-1a40-4f94-a457-d073933be4aa,23/jun/26 9:51 PM,29/jun/26 3:22 PM,23/jun/26 10:11 PM,29/jun/26 3:22 PM,,0,backend,frontend,pdf,reporteria,"|*Descripción*|*Como* coordinador de convivencia, *quiero* exportar el historial conductual de un estudiante en formato PDF con membrete institucional *para* presentarlo en reuniones, derivaciones o como evidencia formal ante la Superintendencia de Educación.|
|*Criterios de Aceptación*|* PDF generado incluye membrete con nombre de la escuela y fecha de emisión (RF-11). - PDF contiene datos del estudiante, listado cronológico de incidentes, tipos de abordaje y medidas adoptadas. - PDF incluye espacios para firmas al pie: Coordinador de Convivencia y Director. - Archivo se descarga con nombre {{historial_[rut]_[fecha].pdf}}. - Tiempo de generación menor a 3 segundos para hasta 50 incidentes. - Botón visible solo para Administrador y Coordinador.|",,Marcelo Andrés Acevedo Silva,712020:38e85f3a-1a40-4f94-a457-d073933be4aa,,,,,,,,,SE-42,SE-43,,,,0|i0007v:,,,SE Sprint 3,,,,,,Listo,29/jun/26 3:22 PM,10314,SE-35,"Analítica, Reportería y Despliegue a Producción"
HU 3.1 – Dashboard Analítico con Visualización en Tiempo Real,SE-36,10315,Historia,Listo,SE,SIGA-escolar,software,Marcelo Andrés Acevedo Silva,712020:38e85f3a-1a40-4f94-a457-d073933be4aa,,High,Listo,Marcelo Andrés Acevedo Silva,712020:38e85f3a-1a40-4f94-a457-d073933be4aa,Marcelo Andrés Acevedo Silva,712020:38e85f3a-1a40-4f94-a457-d073933be4aa,Marcelo Andrés Acevedo Silva,712020:38e85f3a-1a40-4f94-a457-d073933be4aa,23/jun/26 9:50 PM,29/jun/26 3:22 PM,23/jun/26 10:06 PM,29/jun/26 3:22 PM,,0,analitica,backend,dashboard,frontend,"|*Descripción*|*Como* equipo directivo, *quiero* visualizar estadísticas conductuales del establecimiento en gráficos dinámicos *para* facilitar la toma de decisiones basada en datos reales en tiempo real.|
|*Criterios de Aceptación*|* Dashboard carga en menos de 3 segundos (RNF-07). - Gráfico de barras muestra frecuencia de incidentes por curso. - Gráfico de torta muestra distribución por gravedad (Leve/Grave/Gravísima). - Gráfico de líneas muestra tendencia temporal de incidentes por mes. - Todos los gráficos consumen datos reales de la BD. - Tarjetas de resumen: total incidentes, graves, protocolos activos, estudiantes en seguimiento. - Vista accesible para roles Administrador, Coordinador y Directivo. - Sin datos muestra estado vacío con mensaje apropiado.|",,Marcelo Andrés Acevedo Silva,712020:38e85f3a-1a40-4f94-a457-d073933be4aa,,,,,,,,,SE-40,SE-41,,,,0|i0007z:,,,SE Sprint 3,,,,,,Listo,29/jun/26 3:22 PM,10314,SE-35,"Analítica, Reportería y Despliegue a Producción"
3.4.2 Pruebas UAT con el cliente y Documentación de Cierre,SE-47,10326,Tarea,Listo,SE,SIGA-escolar,software,Marcelo Andrés Acevedo Silva,712020:38e85f3a-1a40-4f94-a457-d073933be4aa,,High,Listo,Marcelo Andrés Acevedo Silva,712020:38e85f3a-1a40-4f94-a457-d073933be4aa,Marcelo Andrés Acevedo Silva,712020:38e85f3a-1a40-4f94-a457-d073933be4aa,Marcelo Andrés Acevedo Silva,712020:38e85f3a-1a40-4f94-a457-d073933be4aa,23/jun/26 10:21 PM,29/jun/26 3:22 PM,,29/jun/26 3:22 PM,,0,documentacion,uat,,,"|*Descripción*|Ejecutar las pruebas UAT con el coordinador y entregar la documentación de cierre. *Guión de pruebas UAT (caja negra):* (1) Login con cada rol — verificar acceso correcto. (2) Buscar un estudiante por nombre sin tilde. (3) Ver perfil del estudiante con historial. (4) Registrar un incidente Gravísimo — verificar alerta visual. (5) Verificar notificación automática en panel del coordinador. (6) Abrir un protocolo RICE vinculado al incidente. (7) Cambiar estado del protocolo a Derivado con observación. (8) Exportar PDF del historial de un estudiante. (9) Verificar dashboard con gráficos actualizados. *Documentación de cierre:* arquitectura del sistema, modelo ER, URLs de producción, credenciales de administrador, manual básico de usuario.|
|*Criterios de Aceptación*|* Todas las pruebas UAT ejecutadas sin errores bloqueantes. - Acta de conformidad firmada por el cliente. - Documentación de cierre entregada en formato PDF o Word. - Credenciales de administrador entregadas al establecimiento. - URLs de producción documentadas y accesibles.|",,Marcelo Andrés Acevedo Silva,712020:38e85f3a-1a40-4f94-a457-d073933be4aa,,,,,,,,,,,,,SE-39,0|i00088:,,,SE Sprint 3,,1.0,,,,Listo,29/jun/26 3:22 PM,10314,SE-35,"Analítica, Reportería y Despliegue a Producción"
3.4.1 Carga de datos reales en producción y preparación ambiente UAT,SE-46,10325,Tarea,Listo,SE,SIGA-escolar,software,Marcelo Andrés Acevedo Silva,712020:38e85f3a-1a40-4f94-a457-d073933be4aa,,High,Listo,Marcelo Andrés Acevedo Silva,712020:38e85f3a-1a40-4f94-a457-d073933be4aa,Marcelo Andrés Acevedo Silva,712020:38e85f3a-1a40-4f94-a457-d073933be4aa,Marcelo Andrés Acevedo Silva,712020:38e85f3a-1a40-4f94-a457-d073933be4aa,23/jun/26 10:19 PM,29/jun/26 3:21 PM,,29/jun/26 3:21 PM,,0,datos,produccion,uat,,"|*Descripción*|Preparar el ambiente de producción con datos reales para las pruebas UAT. *Subtareas:* (1) Exportar nómina real de estudiantes desde el SIGE del establecimiento y adaptar al formato CSV: {{rut,nombre,apellido,curso}}. (2) Importar nómina vía {{POST /api/v1/estudiantes/importar}} en producción. (3) Crear usuarios reales del establecimiento con contraseñas seguras: Administrador (1), Equipo de Formación/Coordinador (1), Directivo (1), Inspector (2), Docente (3). (4) Crear los cursos reales del establecimiento. (5) Registrar al menos 5 incidentes de prueba con distintas gravedades para poblar los gráficos del dashboard. (6) Verificar que el dashboard muestra datos correctamente en producción.|
|*Criterios de Aceptación*|* Los estudiantes reales están en producción y consultables por nombre y RUT. - Todos los usuarios del establecimiento pueden hacer login con sus credenciales. - El dashboard muestra datos reales con al menos 3 tipos de gravedad. - Los gráficos de Recharts renderizan correctamente con datos reales.|",,Marcelo Andrés Acevedo Silva,712020:38e85f3a-1a40-4f94-a457-d073933be4aa,,,,,,,,,,,,,SE-39,0|i0008p:,,,SE Sprint 3,,1.0,,,,Listo,29/jun/26 3:21 PM,10314,SE-35,"Analítica, Reportería y Despliegue a Producción"
3.2.1 API Generación PDF historial conductual con membrete institucional,SE-42,10321,Tarea,Listo,SE,SIGA-escolar,software,Marcelo Andrés Acevedo Silva,712020:38e85f3a-1a40-4f94-a457-d073933be4aa,,High,Listo,Marcelo Andrés Acevedo Silva,712020:38e85f3a-1a40-4f94-a457-d073933be4aa,Marcelo Andrés Acevedo Silva,712020:38e85f3a-1a40-4f94-a457-d073933be4aa,Marcelo Andrés Acevedo Silva,712020:38e85f3a-1a40-4f94-a457-d073933be4aa,23/jun/26 10:10 PM,24/jun/26 9:25 PM,24/jun/26 9:06 PM,24/jun/26 9:25 PM,,0,backend,pdf,reporteria,,"|*Descripción*|Implementar la generación de PDF del historial conductual. *Dependencia:* {{npm install pdfkit}}. *Endpoint:* {{GET /api/v1/estudiantes/:id/pdf}}. *Subtareas:* (1) Instalar pdfkit: {{npm install pdfkit}}. (2) Crear {{pdfService.js}} con función {{generarHistorialPDF(estudiante, incidentes)}}. (3) Estructura del PDF: encabezado con nombre del establecimiento y fecha de emisión, datos del estudiante (nombre, RUT, curso, fecha nacimiento), tabla cronológica de incidentes (fecha, tipo, gravedad, relato, medidas), sección de firmas al pie (Coordinador de Convivencia + Director). (4) Agregar endpoint {{GET /api/v1/estudiantes/:id/pdf}} en {{estudiantes.routes.js}} con {{requireRole('Administrador', 'Equipo de Formación')}}. (5) El endpoint retorna el PDF como stream con header {{Content-Disposition: attachment; filename=historial_[rut]_[fecha].pdf}}. (6) Registrar en auditoría con {{tabla_afectada: 'reportes'}}.|
|*Criterios de Aceptación*|* PDF generado contiene membrete con nombre de la escuela. - PDF incluye todos los incidentes del estudiante ordenados por fecha descendente. - Espacios de firma presentes al pie. - Tiempo de generación menor a 3 segundos para hasta 50 incidentes. - Archivo descarga con nombre {{historial_[rut]_[fecha].pdf}}. - Roles insuficientes → 403.|",,Marcelo Andrés Acevedo Silva,712020:38e85f3a-1a40-4f94-a457-d073933be4aa,,,,,,,,,,,,,SE-37,0|i0008r:,,,SE Sprint 3,,3.0,,,,Listo,24/jun/26 9:25 PM,10314,SE-35,"Analítica, Reportería y Despliegue a Producción"
3.3.1 Deploy Backend en Render con variables de entorno,SE-44,10323,Tarea,Listo,SE,SIGA-escolar,software,Marcelo Andrés Acevedo Silva,712020:38e85f3a-1a40-4f94-a457-d073933be4aa,,Medium,Listo,Marcelo Andrés Acevedo Silva,712020:38e85f3a-1a40-4f94-a457-d073933be4aa,Marcelo Andrés Acevedo Silva,712020:38e85f3a-1a40-4f94-a457-d073933be4aa,Marcelo Andrés Acevedo Silva,712020:38e85f3a-1a40-4f94-a457-d073933be4aa,23/jun/26 10:13 PM,23/jun/26 10:13 PM,,23/jun/26 10:13 PM,,0,deploy,,,,,,Marcelo Andrés Acevedo Silva,712020:38e85f3a-1a40-4f94-a457-d073933be4aa,,,,,,,,,,,,,,0|i0008v:,,,SE Sprint 3,,,,,,Listo,23/jun/26 10:13 PM,10314,SE-35,"Analítica, Reportería y Despliegue a Producción"
3.2.2 UI Botón descarga PDF en perfil del estudiante,SE-43,10322,Tarea,Listo,SE,SIGA-escolar,software,Marcelo Andrés Acevedo Silva,712020:38e85f3a-1a40-4f94-a457-d073933be4aa,,High,Listo,Daniel Flores,62e971c2f15eecaf500dbfca,Marcelo Andrés Acevedo Silva,712020:38e85f3a-1a40-4f94-a457-d073933be4aa,Marcelo Andrés Acevedo Silva,712020:38e85f3a-1a40-4f94-a457-d073933be4aa,23/jun/26 10:11 PM,29/jun/26 3:22 PM,29/jun/26 4:04 PM,29/jun/26 3:22 PM,,0,frontend,pdf,reporteria,UI,"|*Descripción*|Agregar el botón de descarga de PDF en la vista de perfil del estudiante. *Subtareas:* (1) Agregar función {{descargarPDF(id)}} en {{estudiantesService.js}}: llama a {{GET /estudiantes/:id/pdf}} con {{responseType: 'blob'}}, crea link temporal y dispara descarga. (2) Agregar botón {{""Descargar historial PDF""}} en {{EstudiantePerfilPage.jsx}}. (3) Mostrar spinner en el botón durante la generación. (4) Mostrar el botón solo para Administrador y Coordinador. (5) Si el estudiante no tiene incidentes: deshabilitar botón con tooltip {{""Sin incidentes para exportar""}}.|
|*Criterios de Aceptación*|* Botón visible solo para Administrador y Equipo de Formación. - Clic en el botón descarga el PDF correctamente en el navegador. - Spinner activo durante la generación. - Botón deshabilitado si el estudiante no tiene incidentes.|",,Marcelo Andrés Acevedo Silva,712020:38e85f3a-1a40-4f94-a457-d073933be4aa,,,,,,,,,,,,,SE-37,0|i0008z:,,,SE Sprint 3,,1.0,,,,Listo,29/jun/26 3:22 PM,10314,SE-35,"Analítica, Reportería y Despliegue a Producción"
3.3.2 Deploy Frontend en Vercel con HTTPS,SE-45,10324,Tarea,Listo,SE,SIGA-escolar,software,Marcelo Andrés Acevedo Silva,712020:38e85f3a-1a40-4f94-a457-d073933be4aa,,Medium,Listo,Marcelo Andrés Acevedo Silva,712020:38e85f3a-1a40-4f94-a457-d073933be4aa,Marcelo Andrés Acevedo Silva,712020:38e85f3a-1a40-4f94-a457-d073933be4aa,Marcelo Andrés Acevedo Silva,712020:38e85f3a-1a40-4f94-a457-d073933be4aa,23/jun/26 10:14 PM,23/jun/26 10:14 PM,,23/jun/26 10:14 PM,,0,deploy,,,,,,Marcelo Andrés Acevedo Silva,712020:38e85f3a-1a40-4f94-a457-d073933be4aa,,,,,,,,,,,,,,0|i00093:,,,SE Sprint 3,,,,,,Listo,23/jun/26 10:14 PM,10314,SE-35,"Analítica, Reportería y Despliegue a Producción"
3.1.1 Vistas SQL y endpoints de métricas para el dashboard,SE-40,10319,Tarea,Listo,SE,SIGA-escolar,software,Marcelo Andrés Acevedo Silva,712020:38e85f3a-1a40-4f94-a457-d073933be4aa,,High,Listo,Marcelo Andrés Acevedo Silva,712020:38e85f3a-1a40-4f94-a457-d073933be4aa,Marcelo Andrés Acevedo Silva,712020:38e85f3a-1a40-4f94-a457-d073933be4aa,Marcelo Andrés Acevedo Silva,712020:38e85f3a-1a40-4f94-a457-d073933be4aa,23/jun/26 10:04 PM,24/jun/26 9:06 PM,,24/jun/26 9:06 PM,,0,,,,,"|*Descripción*|Crear las vistas SQL de agrupación en Supabase y los endpoints REST que alimentan el dashboard. *Subtareas:* (1) Ejecutar en Supabase SQL Editor: {{CREATE VIEW v_incidentes_por_curso}} — agrupa incidentes por curso. (2) {{CREATE VIEW v_incidentes_por_gravedad}} — distribución por gravedad. (3) {{CREATE VIEW v_tendencia_mensual}} — conteo de incidentes por mes y año. (4) Crear {{dashboardController.js}} y {{dashboardService.js}}. (5) Crear {{dashboard.routes.js}} con {{requireRole('Administrador', 'Equipo de Formación', 'Directivo')}}. (6) Endpoints: {{GET /api/v1/dashboard/incidentes-por-curso}}, {{GET /api/v1/dashboard/por-gravedad}}, {{GET /api/v1/dashboard/tendencia-mensual}}, {{GET /api/v1/dashboard/resumen}}. (7) Registrar rutas en {{index.js}}.|
|*Criterios de Aceptación*|* Los 4 endpoints retornan datos correctos verificados contra la BD. - Tiempo de respuesta menor a 1 segundo con datos reales. - Datos filtrados por {{tenant_id}} (RLS activo). - Roles insuficientes (Inspector, Docente) → 403. - {{GET /dashboard/resumen}} retorna: total incidentes, total graves, protocolos activos, estudiantes con incidentes.|",,Marcelo Andrés Acevedo Silva,712020:38e85f3a-1a40-4f94-a457-d073933be4aa,,,,,,,,,,,,,SE-36,0|i00095:,,,SE Sprint 3,,2.0,,,,Listo,24/jun/26 9:06 PM,10314,SE-35,"Analítica, Reportería y Despliegue a Producción"
3.1.2 UI Dashboard con gráficos Recharts en tiempo real,SE-41,10320,Tarea,Listo,SE,SIGA-escolar,software,Marcelo Andrés Acevedo Silva,712020:38e85f3a-1a40-4f94-a457-d073933be4aa,,High,Listo,Daniel Flores,62e971c2f15eecaf500dbfca,Marcelo Andrés Acevedo Silva,712020:38e85f3a-1a40-4f94-a457-d073933be4aa,Marcelo Andrés Acevedo Silva,712020:38e85f3a-1a40-4f94-a457-d073933be4aa,23/jun/26 10:05 PM,24/jun/26 9:06 PM,,24/jun/26 9:06 PM,,0,dashboard,frontend,rechart,UI,"|*Descripción*|Construir el dashboard analítico con gráficos dinámicos. *Dependencias:* {{npm install recharts}}. *Subtareas:* (1) Instalar Recharts: {{npm install recharts}}. (2) Crear {{dashboardService.js}} en frontend con llamadas a los 4 endpoints. (3) Reemplazar el {{DashboardPage.jsx}} placeholder con el dashboard real. (4) Tarjetas de resumen: total incidentes, incidentes graves, protocolos activos, estudiantes en seguimiento — con íconos y colores. (5) {{GraficoBarrasCurso}}: BarChart de Recharts con frecuencia por curso. (6) {{GraficoTortaGravedad}}: PieChart con distribución por gravedad (verde=Leve, naranja=Grave, rojo=Gravísima). (7) {{GraficoTendenciaMensual}}: LineChart con incidentes por mes. (8) Navegación lateral o barra superior con links a todos los módulos. (9) Estado vacío con mensaje si no hay datos. (10) Proteger ruta con {{RoleRoute(['Administrador', 'Equipo de Formación', 'Directivo'])}}.|
|*Criterios de Aceptación*|* Dashboard carga en menos de 3 segundos (RNF-07). - Los 3 gráficos renderizan con datos reales. - Gráfico de torta muestra leyenda con porcentajes. - Tarjetas muestran conteos actualizados. - Sin datos: estado vacío con mensaje claro. - Vista responsiva desde 360px (RNF-08). - Navegación a todos los módulos visible desde el dashboard.|",,Marcelo Andrés Acevedo Silva,712020:38e85f3a-1a40-4f94-a457-d073933be4aa,,,,,,,,,,,,,SE-36,0|i00096:,,,SE Sprint 3,,4.0,,,,Listo,24/jun/26 9:06 PM,10314,SE-35,"Analítica, Reportería y Despliegue a Producción"
HU 3.3 – Despliegue a Producción con URL Pública HTTPS,SE-38,10317,Historia,Listo,SE,SIGA-escolar,software,Marcelo Andrés Acevedo Silva,712020:38e85f3a-1a40-4f94-a457-d073933be4aa,,High,Listo,Marcelo Andrés Acevedo Silva,712020:38e85f3a-1a40-4f94-a457-d073933be4aa,Marcelo Andrés Acevedo Silva,712020:38e85f3a-1a40-4f94-a457-d073933be4aa,Marcelo Andrés Acevedo Silva,712020:38e85f3a-1a40-4f94-a457-d073933be4aa,23/jun/26 9:55 PM,23/jun/26 10:23 PM,23/jun/26 10:23 PM,23/jun/26 10:23 PM,,0,backend,deploy,frontend,,"|*Descripción*|*Como* escuela, *quiero* que el sistema esté disponible en internet con URL pública segura *para* acceder desde cualquier dispositivo escolar sin depender de servidores locales.|",,Marcelo Andrés Acevedo Silva,712020:38e85f3a-1a40-4f94-a457-d073933be4aa,,,,,,,,,,,,,,0|i00097:,,,SE Sprint 3,,,,,,Listo,23/jun/26 10:23 PM,10314,SE-35,"Analítica, Reportería y Despliegue a Producción"
Motor de Reglas y Alertas Tempranas,SE-59,10389,Epic,Tareas por hacer,SE,SIGA-escolar,software,Marcelo Andrés Acevedo Silva,712020:38e85f3a-1a40-4f94-a457-d073933be4aa,,Medium,,Marcelo Andrés Acevedo Silva,712020:38e85f3a-1a40-4f94-a457-d073933be4aa,Marcelo Andrés Acevedo Silva,712020:38e85f3a-1a40-4f94-a457-d073933be4aa,Marcelo Andrés Acevedo Silva,712020:38e85f3a-1a40-4f94-a457-d073933be4aa,31/ago/26 11:51 AM,31/ago/26 12:24 PM,31/ago/26 12:24 PM,,,0,alertas,backend,frontend,ia,Implementar un sistema determinístico de scoring y alertas de plazo que procese los datos ya existentes en SIGA para informar al equipo de convivencia sobre qué casos requieren acción inmediata. 100% implementado en PostgreSQL y Node.js.,,Marcelo Andrés Acevedo Silva,712020:38e85f3a-1a40-4f94-a457-d073933be4aa,,,,,,,,,,,,,,0|i0009f:,grey,,,,,,,,Por hacer,31/ago/26 11:51 AM,,,
HU 4.1 – Reglas de Protocolo y Plazos Normativos,SE-60,10390,Historia,Tareas por hacer,SE,SIGA-escolar,software,Marcelo Andrés Acevedo Silva,712020:38e85f3a-1a40-4f94-a457-d073933be4aa,,Medium,,Marcelo Andrés Acevedo Silva,712020:38e85f3a-1a40-4f94-a457-d073933be4aa,Marcelo Andrés Acevedo Silva,712020:38e85f3a-1a40-4f94-a457-d073933be4aa,Marcelo Andrés Acevedo Silva,712020:38e85f3a-1a40-4f94-a457-d073933be4aa,31/ago/26 11:51 AM,31/ago/26 12:24 PM,07/sep/26 9:38 PM,,,0,backend,bd,plazos,protocolos,"Como coordinador de convivencia, quiero que el sistema calcule automáticamente qué acción está pendiente en cada protocolo abierto y cuánto tiempo queda para realizarla, para no depender de la memoria del equipo ni de seguimiento manual.",,Marcelo Andrés Acevedo Silva,712020:38e85f3a-1a40-4f94-a457-d073933be4aa,,,,,,,,,SE-63,SE-64,SE-65,,,0|i000a7:,,,SE Sprint 4,,,,,,Por hacer,31/ago/26 11:51 AM,10389,SE-59,Motor de Reglas y Alertas Tempranas
HU 4.2 – Score de Riesgo de Escalada por Estudiante,SE-61,10391,Historia,Tareas por hacer,SE,SIGA-escolar,software,Marcelo Andrés Acevedo Silva,712020:38e85f3a-1a40-4f94-a457-d073933be4aa,,Medium,,Marcelo Andrés Acevedo Silva,712020:38e85f3a-1a40-4f94-a457-d073933be4aa,Marcelo Andrés Acevedo Silva,712020:38e85f3a-1a40-4f94-a457-d073933be4aa,Marcelo Andrés Acevedo Silva,712020:38e85f3a-1a40-4f94-a457-d073933be4aa,31/ago/26 11:51 AM,31/ago/26 12:27 PM,31/ago/26 12:27 PM,,,0,alertas,backend,frontend,riesgo,"Como coordinador de convivencia o docente, quiero ver una alerta en el perfil de los estudiantes que acumulan múltiples incidentes recientes, para intervenir a tiempo antes de que una situación escale a acoso escolar u otra falta grave.",,Marcelo Andrés Acevedo Silva,712020:38e85f3a-1a40-4f94-a457-d073933be4aa,,,,,,,,,SE-66,,,,,0|i000a9:,,,SE Sprint 4,,,,,,Por hacer,31/ago/26 11:51 AM,10389,SE-59,Motor de Reglas y Alertas Tempranas
"4.3.1 — Widget ""Acciones Pendientes"" en Dashboard",SE-67,10397,Tarea,Listo,SE,SIGA-escolar,software,Marcelo Andrés Acevedo Silva,712020:38e85f3a-1a40-4f94-a457-d073933be4aa,,Medium,Listo,Daniel Flores,62e971c2f15eecaf500dbfca,Marcelo Andrés Acevedo Silva,712020:38e85f3a-1a40-4f94-a457-d073933be4aa,Marcelo Andrés Acevedo Silva,712020:38e85f3a-1a40-4f94-a457-d073933be4aa,31/ago/26 12:29 PM,05/sep/26 4:08 PM,31/ago/26 12:29 PM,05/sep/26 4:08 PM,06/sep/26 12:00 AM,0,dashboard,frontend,ui,,"Descripción	

Construir el widget de acciones pendientes que aparece en la pantalla principal del Dashboard. Subtareas: (1) Crear componente AccionesPendientesWidget.jsx en src/components/dashboard/. (2) Agregar getAccionesPendientes() al dashboardService.js del frontend. (3) Incluir la llamada en el Promise.all existente de DashboardPage.jsx para no agregar tiempo de carga. (4) Cada fila del widget muestra: indicador de color (rojo / amarillo / verde), nombre del estudiante, tipo de protocolo, acción pendiente, días restantes o ""VENCIDO"". (5) Colores de semáforo: vencido → fondo rojo claro bg-red-50 con texto rojo. urgente → fondo amarillo bg-amber-50 con texto ámbar. ok → fondo verde claro bg-green-50 con texto verde. (6) Máximo 5 filas visibles. Si hay más, mostrar enlace ""Ver todos los protocolos"" que navega a /protocolos. (7) Cada fila es clickeable y navega a /protocolos/:id. (8) Si no hay acciones pendientes: mostrar mensaje ""Sin acciones pendientes — todo al día ✓"". (9) Visible solo para roles Administrador, Equipo de Formación y Directivo (mismos que el endpoint).


Criterios de Aceptación	

- Widget visible en Dashboard al iniciar sesión. - Semáforo muestra el color correcto según estado_semaforo recibido del endpoint. - Clic en cualquier fila navega al detalle del protocolo correcto. - Si no hay protocolos abiertos el widget muestra el mensaje de ""todo al día"". - No degrada el tiempo de carga del Dashboard (carga en paralelo con los otros 4 endpoints). - Vista responsiva desde 360px.",,Marcelo Andrés Acevedo Silva,712020:38e85f3a-1a40-4f94-a457-d073933be4aa,,,,,,,,,,,,,SE-62,0|i000a9:i,,31/ago/26 12:00 AM,SE Sprint 4,,5.0,,,,Listo,05/sep/26 4:08 PM,10389,SE-59,Motor de Reglas y Alertas Tempranas
HU 4.3 – Widgets de Alerta en Dashboard y Perfil,SE-62,10392,Historia,Listo,SE,SIGA-escolar,software,Marcelo Andrés Acevedo Silva,712020:38e85f3a-1a40-4f94-a457-d073933be4aa,,Medium,Listo,Daniel Flores,62e971c2f15eecaf500dbfca,Marcelo Andrés Acevedo Silva,712020:38e85f3a-1a40-4f94-a457-d073933be4aa,Marcelo Andrés Acevedo Silva,712020:38e85f3a-1a40-4f94-a457-d073933be4aa,31/ago/26 11:51 AM,05/sep/26 4:08 PM,31/ago/26 12:32 PM,05/sep/26 4:08 PM,,0,alertas,dashboard,frontend,ui,"Como coordinador de convivencia, quiero ver al ingresar al sistema un resumen priorizado de los casos con acciones pendientes y estudiantes en riesgo, para organizar mi jornada en menos de 30 segundos.",,Marcelo Andrés Acevedo Silva,712020:38e85f3a-1a40-4f94-a457-d073933be4aa,,,,,,,,,SE-68,SE-67,,,,0|i000aa:,,,SE Sprint 4,,,,,,Listo,05/sep/26 4:08 PM,10389,SE-59,Motor de Reglas y Alertas Tempranas
4.3.2 — Badge de riesgo en perfil del estudiante,SE-68,10398,Tarea,Listo,SE,SIGA-escolar,software,Marcelo Andrés Acevedo Silva,712020:38e85f3a-1a40-4f94-a457-d073933be4aa,,Medium,Listo,Daniel Flores,62e971c2f15eecaf500dbfca,Marcelo Andrés Acevedo Silva,712020:38e85f3a-1a40-4f94-a457-d073933be4aa,Marcelo Andrés Acevedo Silva,712020:38e85f3a-1a40-4f94-a457-d073933be4aa,31/ago/26 12:30 PM,05/sep/26 3:58 PM,31/ago/26 12:31 PM,05/sep/26 3:58 PM,06/sep/26 12:00 AM,0,frontend,riesgo,ui,,"Descripción	

Mostrar una alerta contextual en el perfil del estudiante cuando su score de riesgo supera el umbral. Subtareas: (1) En EstudiantePerfilPage.jsx, agregar llamada a GET /dashboard/estudiantes-en-riesgo al cargar el perfil (o consultar si el id del estudiante está en la lista devuelta). (2) Si el estudiante está en la lista mostrar el banner de alerta: ⚠️ Este estudiante acumula múltiples incidentes recientes. Evalúe si corresponde activar o escalar el protocolo vigente. con estilo bg-amber-50 border border-amber-200 text-amber-800. (3) El banner debe aparecer debajo del encabezado del perfil, antes del detalle de datos personales. (4) Visible para todos los roles autenticados (confirmado por el cliente).


Criterios de Aceptación	

- Banner aparece en el perfil de estudiantes con score ≥ 6. - Banner no aparece en perfiles de estudiantes sin incidentes recientes o con score bajo el umbral. - Banner no interfiere con la navegación ni el botón de PDF. - El texto es claro y no alarmista — describe la situación sin calificar al estudiante.",,Marcelo Andrés Acevedo Silva,712020:38e85f3a-1a40-4f94-a457-d073933be4aa,,,,,,,,,,,,,SE-62,0|i000aa:i,,31/ago/26 12:00 AM,SE Sprint 4,,2.0,,,,Listo,05/sep/26 3:58 PM,10389,SE-59,Motor de Reglas y Alertas Tempranas
4.1.1 — Nueva tabla reglas_protocolo en Supabase,SE-63,10393,Tarea,Listo,SE,SIGA-escolar,software,Marcelo Andrés Acevedo Silva,712020:38e85f3a-1a40-4f94-a457-d073933be4aa,,Medium,Listo,Marcelo Andrés Acevedo Silva,712020:38e85f3a-1a40-4f94-a457-d073933be4aa,Marcelo Andrés Acevedo Silva,712020:38e85f3a-1a40-4f94-a457-d073933be4aa,Marcelo Andrés Acevedo Silva,712020:38e85f3a-1a40-4f94-a457-d073933be4aa,31/ago/26 12:11 PM,31/ago/26 1:25 PM,02/sep/26 5:35 PM,31/ago/26 1:25 PM,06/sep/26 12:00 AM,0,backend,bd,supabase,,"Descripción	Crear la tabla que almacena los plazos y acciones para cada tipo de protocolo RICE. Subtareas: (1) Ejecutar en Supabase SQL Editor: CREATE TABLE reglas_protocolo (id uuid PRIMARY KEY DEFAULT gen_random_uuid(), tenant_id uuid NOT NULL REFERENCES tenants(id), tipo_protocolo_id uuid NOT NULL REFERENCES tipos_protocolo(id), orden smallint NOT NULL, accion text NOT NULL, plazo_dias smallint NOT NULL, prorrogable boolean DEFAULT true, activo boolean DEFAULT true, created_at timestamptz DEFAULT now(), UNIQUE (tenant_id, tipo_protocolo_id, orden)). (2) Activar RLS: ALTER TABLE reglas_protocolo ENABLE ROW LEVEL SECURITY. (3) Crear política: CREATE POLICY tenant_isolation ON reglas_protocolo USING (tenant_id = current_setting('app.tenant_id')::uuid). (4) Agregar campo a protocolos_rice: ALTER TABLE protocolos_rice ADD COLUMN IF NOT EXISTS fecha_ultimo_avance timestamptz DEFAULT now(). (5) Actualizar protocolosService.js: al ejecutar PATCH /:id/estado, incluir fecha_ultimo_avance: new Date().toISOString() en el update.


Criterios de Aceptación	- Tabla visible en Supabase con estructura correcta. - RLS activo: verificar que SELECT * FROM reglas_protocolo sin contexto de tenant no retorna filas. - Campo fecha_ultimo_avance presente en protocolos_rice. - Al cambiar estado de un protocolo, fecha_ultimo_avance se actualiza en Supabase.",,Marcelo Andrés Acevedo Silva,712020:38e85f3a-1a40-4f94-a457-d073933be4aa,,,,,,,,,,,,,SE-60,0|i000ab:,,31/ago/26 12:00 AM,SE Sprint 4,,2.0,,,,Listo,31/ago/26 1:25 PM,10389,SE-59,Motor de Reglas y Alertas Tempranas
4.1.2 — Seed de reglas de protocolo por defecto,SE-64,10394,Tarea,Listo,SE,SIGA-escolar,software,Marcelo Andrés Acevedo Silva,712020:38e85f3a-1a40-4f94-a457-d073933be4aa,,Medium,Listo,Marcelo Andrés Acevedo Silva,712020:38e85f3a-1a40-4f94-a457-d073933be4aa,Marcelo Andrés Acevedo Silva,712020:38e85f3a-1a40-4f94-a457-d073933be4aa,Marcelo Andrés Acevedo Silva,712020:38e85f3a-1a40-4f94-a457-d073933be4aa,31/ago/26 12:18 PM,02/sep/26 5:31 PM,02/sep/26 5:36 PM,02/sep/26 5:31 PM,06/sep/26 12:00 AM,0,backend,bd,seed,,"Descripción	

Crear el script que carga las reglas de plazo por defecto para todos los tipos de protocolo. Las reglas se basan en los plazos reales indicados por el cliente (5 a 10 días, prorrogables una vez por Dirección). Subtareas: (1) Crear src/utils/seedReglas.js. (2) El script recupera todos los tipos_protocolo existentes del tenant y para cada uno inserta las siguientes 4 reglas: Orden 1 — ""Entrevista inicial con las partes involucradas"", plazo 2 días, prorrogable false. Orden 2 — ""Citación y reunión con apoderados"", plazo 5 días, prorrogable true. Orden 3 — ""Informe de situación a Dirección"", plazo 7 días, prorrogable true. Orden 4 — ""Cierre, derivación externa o solicitud de prórroga"", plazo 10 días, prorrogable true. (3) Usar upsert para que el script sea idempotente (se pueda correr más de una vez sin duplicar). (4) Agregar el script a package.json: ""seed:reglas"": ""node src/utils/seedReglas.js"".


Criterios de Aceptación	

- npm run seed:reglas ejecuta sin errores. - Supabase muestra 4 reglas × 10 tipos = 40 filas en reglas_protocolo. - Ejecutar el script una segunda vez no genera duplicados. - Los plazos en días son correctos según el orden definido.",,Marcelo Andrés Acevedo Silva,712020:38e85f3a-1a40-4f94-a457-d073933be4aa,,,,,,,,,,,,,SE-60,0|i000aj:,,31/ago/26 12:00 AM,SE Sprint 4,,3.0,,,,Listo,02/sep/26 5:31 PM,10389,SE-59,Motor de Reglas y Alertas Tempranas
4.1.3 — Función SQL y endpoint GET /dashboard/acciones-pendientes,SE-65,10395,Tarea,Listo,SE,SIGA-escolar,software,Marcelo Andrés Acevedo Silva,712020:38e85f3a-1a40-4f94-a457-d073933be4aa,,Medium,Listo,Marcelo Andrés Acevedo Silva,712020:38e85f3a-1a40-4f94-a457-d073933be4aa,Marcelo Andrés Acevedo Silva,712020:38e85f3a-1a40-4f94-a457-d073933be4aa,Marcelo Andrés Acevedo Silva,712020:38e85f3a-1a40-4f94-a457-d073933be4aa,31/ago/26 12:20 PM,03/sep/26 12:13 AM,02/sep/26 5:53 PM,03/sep/26 12:13 AM,06/sep/26 12:00 AM,0,backend,bd,dashboard,,"Descripción	

Crear la función PostgreSQL que calcula el estado de cada protocolo abierto contra los plazos configurados, y el endpoint que la expone. Subtareas: (1) Crear función RPC en Supabase: `CREATE OR REPLACE FUNCTION calcular_acciones_pendientes() RETURNS TABLE (protocolo_id uuid, estudiante_nombre text, tipo_protocolo text, accion_pendiente text, fecha_limite date, dias_restantes int, estado_semaforo text) AS $$ BEGIN RETURN QUERY SELECT [p.id|http://p.id], e.nombre


Criterios de Aceptación	

- Endpoint retorna array con campos: protocolo_id, estudiante_nombre, tipo_protocolo, accion_pendiente, fecha_limite, dias_restantes, estado_semaforo. - Semáforo correcto: protocolo con plazo vencido → ""vencido"", vence en ≤ 2 días → ""urgente"", resto → ""ok"". - Lista ordenada de menor a mayor dias_restantes (los urgentes primero). - Protocolos cerrados no aparecen en la lista. - Rol Docente o Inspector → 403. - Prueba en Insomnia con al menos 3 protocolos en distintos estados de plazo.",,Marcelo Andrés Acevedo Silva,712020:38e85f3a-1a40-4f94-a457-d073933be4aa,,,,,,,,,,,,,SE-60,0|i000ar:,,31/ago/26 12:00 AM,SE Sprint 4,,5.0,,,,Listo,03/sep/26 12:13 AM,10389,SE-59,Motor de Reglas y Alertas Tempranas
4.2.1 — Endpoint GET /dashboard/estudiantes-en-riesgo,SE-66,10396,Tarea,Listo,SE,SIGA-escolar,software,Marcelo Andrés Acevedo Silva,712020:38e85f3a-1a40-4f94-a457-d073933be4aa,,Medium,Listo,Marcelo Andrés Acevedo Silva,712020:38e85f3a-1a40-4f94-a457-d073933be4aa,Marcelo Andrés Acevedo Silva,712020:38e85f3a-1a40-4f94-a457-d073933be4aa,Marcelo Andrés Acevedo Silva,712020:38e85f3a-1a40-4f94-a457-d073933be4aa,31/ago/26 12:25 PM,04/sep/26 2:11 PM,04/sep/26 1:43 PM,04/sep/26 2:11 PM,06/sep/26 12:00 AM,0,backend,dashboard,riesgo,,"Descripción	

Desarrollar el endpoint que calcula y retorna los estudiantes cuyo comportamiento reciente supera el umbral de riesgo. Fórmula de scoring: score = (incidentes últimos 30 días × 2) + (incidentes Grave × 3) + (incidentes Gravísima × 5). Umbral de activación: score ≥ 6. Subtareas: (1) Crear método getEstudiantesEnRiesgo() en dashboardService.js. El método consulta estudiantes con join a incidente_estudiantes e incidentes, filtra incidentes de los últimos 30 días, aplica el scoring en JavaScript y filtra los que superan el umbral. (2) Retornar por estudiante: id, nombre, apellido, rut, curso, score_riesgo, total_incidentes_30d, total_graves. (3) Crear handler estudiantesEnRiesgo en dashboardController.js. (4) Agregar ruta en dashboard.routes.js: GET /estudiantes-en-riesgo accesible para todos los roles autenticados (confirmado por el cliente). (5) El umbral 6 debe estar en una constante configurable en dashboardService.js, no hardcodeado en la lógica.


Criterios de Aceptación	

- Endpoint retorna solo estudiantes con score_riesgo >= 6, ordenados de mayor a menor score. - Estudiante con 2 incidentes Grave en los últimos 30 días obtiene score = 10 (2×2 + 2×3) y aparece en la lista. - Estudiante con 1 incidente Leve en 30 días obtiene score = 2 y NO aparece. - Todos los roles autenticados pueden acceder (no retorna 403 para Docente ni Inspector). - Prueba en Insomnia con al menos 3 estudiantes: 1 que supera umbral, 1 que no, 1 en el límite.",,Marcelo Andrés Acevedo Silva,712020:38e85f3a-1a40-4f94-a457-d073933be4aa,,,,,,,,,,,,,SE-61,0|i000az:,,31/ago/26 12:00 AM,SE Sprint 4,,4.0,,,,Listo,04/sep/26 2:11 PM,10389,SE-59,Motor de Reglas y Alertas Tempranas
